colecao,rank,area,contest_name,state_or_area,year,exact_edital_title,official_pdf_url,official_contest_source_page_url,file_name,file_size_bytes,local_path
Primeira leva,1,Bancos e fiscal,Banco do Brasil — Seleção Externa 2022/001,Brasil,2022,"Edital nº 01 – 2022/001 BB, de 23 de dezembro de 2022 — Seleção Externa para Escriturário (Agente Comercial e Agente de Tecnologia)",https://www.bb.com.br/docs/portal/dipes/Edital-de-Abertura-de-Selecao-Externa-2022-01.pdf,https://www.bb.com.br/site/concurso-bb/convocacao-e-posse-de-novos-funcionarios/,001_Banco_do_Brasil_Sele_o_Externa_2022_001.pdf,1043986,
Primeira leva,2,Bancos e fiscal,CAGE Rio Grande do Sul — Auditor do Estado,RS,2024,"Edital nº 1 – SEFAZ/RS, de 07 de outubro de 2024 — Concurso para Auditor do Estado",https://conhecimento.fgv.br/sites/default/files/concursos/edital-cage-rs-final.03.10.2024_publicacao_07.10.pdf,https://conhecimento.fgv.br/concursos/cage-rs2024,002_CAGE_Rio_Grande_do_Sul_Auditor_do_Estado.pdf,440281,
Primeira leva,3,Bancos e fiscal,Banco Central do Brasil — Analista,Brasil (lotação: Brasília/DF),2024,"Edital nº 1 – BCB, de 15 de janeiro de 2024 — Concurso para provimento de vagas e cadastro de reserva no cargo de Analista",https://bcb.gov.br/content/acessoinformacao/analista_2024/Edital-n-1-de-Abertura-do-concurso.pdf,https://www.bcb.gov.br/acessoinformacao/concursospublicos,003_Banco_Central_do_Brasil_Analista.pdf,953473,
Primeira leva,4,Bancos e fiscal,Comissão de Valores Mobiliários — Concurso CVM,Brasil (lotação: RJ/SP/Brasília),2024,"Edital nº 1/2024 CVM, de 11 de janeiro de 2024 — Inspetor e Analista",https://conhecimento.fgv.br/sites/default/files/concursos/edital-1-2024-abertura-concurso-cvm.pdf,https://www.gov.br/cvm/pt-br/acesso-a-informacao-cvm/servidores/concursos-publicos,004_Comiss_o_de_Valores_Mobili_rios_Concurso_CVM.pdf,1048935,
Primeira leva,5,Bancos e fiscal,Receita Federal do Brasil — Concurso Público,Brasil,2022,"Edital nº 1 – RFB, de 2 de dezembro de 2022 — Auditor-Fiscal e Analista-Tributário",https://www.gov.br/receitafederal/pt-br/assuntos/noticias/2022/dezembro/arquivos-e-imagens/edital-1-2022-concurso-receita-federal.pdf,https://www.gov.br/receitafederal/pt-br/acesso-a-informacao/servidores/concurso-publico-2022/concurso-publico-2022,005_Receita_Federal_do_Brasil_Concurso_P_blico.pdf,723300,
Primeira leva,6,Bancos e fiscal,Controladoria-Geral da União — CGU,Brasil,2021,"Edital nº 1, de 22 de dezembro de 2021 — Auditor Federal de Finanças e Controle e Técnico Federal de Finanças e Controle",https://basedeconhecimento.cgu.gov.br/bitstream/1/17183/1/Edital_1_2021.pdf,https://www.gov.br/cgu/pt-br/acesso-a-informacao/institucional/concursos/concursos-publicos-1,006_Controladoria_Geral_da_Uni_o_CGU.pdf,3773030,
Primeira leva,7,Bancos e fiscal,Tesouro Nacional — AFFC,Brasil (lotação: Brasília/DF),2024,Edital STN nº 01/2024 — abertura — Auditor Federal de Finanças e Controle,https://conhecimento.fgv.br/sites/default/files/concursos/edital-stn-16.01.pdf,https://www.gov.br/tesouronacional/pt-br/acesso-a-informacao/servidores/concursos-publicos,007_Tesouro_Nacional_AFFC.pdf,504915,
Primeira leva,8,Bancos e fiscal,Tribunal de Contas da União — Auditor Federal de Controle Externo,Brasil (lotação: Brasília/DF),2021,"Edital nº 1 TCU-2021, de 28 de outubro de 2021 — Auditor Federal de Controle Externo, Área Controle Externo",https://conhecimento.fgv.br/sites/default/files/concursos/28.10.2021-edital-001-2021-abertura-concurso-tcu-.pdf,https://conhecimento.fgv.br/concursos/tcu21,008_Tribunal_de_Contas_da_Uni_o_Auditor_Federal_de_Controle_Externo.pdf,1335053,
Primeira leva,9,Bancos e fiscal,SEFAZ São Paulo — Auditor Fiscal da Receita Estadual,SP,2025,Edital nº 02/2025 — Abertura de Inscrições — Auditor Fiscal da Receita Estadual,https://portal.fazenda.sp.gov.br/servicos/concursos/Documents/EDITAL%20N%C2%BA%2002_2025%20-%20EDITAL%20DE%20ABERTURA%20DAS%20INSCRI%C3%87%C3%95ES.pdf,https://portal.fazenda.sp.gov.br/servicos/concursos/Paginas/Concurso-AFRE.aspx,009_SEFAZ_S_o_Paulo_Auditor_Fiscal_da_Receita_Estadual.pdf,1515138,
Primeira leva,10,Bancos e fiscal,SEFAZ Rio de Janeiro — Auditor Fiscal da Receita Estadual,RJ,2025,"Edital nº 1 – SEFAZ/RJ – Auditor Fiscal, de 24 de janeiro de 2025 — abertura",https://cdn.cebraspe.org.br/concursos/SEFAZ_RJ_25_AUDITOR/arquivos/ED_1_2024_SEFAZ_RJ_AUDITOR_ABERTURA.PDF,https://www.cebraspe.org.br/sefaz-rj-abre-oportunidades-para-auditor-fiscal-da-receita-estadual/,010_SEFAZ_Rio_de_Janeiro_Auditor_Fiscal_da_Receita_Estadual.pdf,502499,
Primeira leva,11,Bancos e fiscal,SEF Minas Gerais — Auditor Fiscal da Receita Estadual,MG,2022,Edital 01/2022 — Concurso Público para Auditor Fiscal da Receita Estadual,https://www.fazenda.mg.gov.br/transparencia/concursos-publicos/arquivos_concursoAFRE2022/Edital-Concurso-AFRE-SEF-MG-Assinado.pdf,https://www.fazenda.mg.gov.br/transparencia/concursos-publicos/concurso-afre-sef-mg-2022/,011_SEF_Minas_Gerais_Auditor_Fiscal_da_Receita_Estadual.pdf,823381,
Primeira leva,12,Bancos e fiscal,SEFAZ Ceará — Auditor Fiscal,CE,2021,"Edital nº 001/2021 – SEFAZ/CE, de 20 de maio de 2021 — concurso para cargos de Auditor Fiscal",https://cdn.cebraspe.org.br/concursos/SEFAZ_CE_21/arquivos/ED_1_SEFAZ_CE_2021_ABERTURA.PDF,https://www.cebraspe.org.br/concursos/sefaz_ce_21,012_SEFAZ_Cear_Auditor_Fiscal.pdf,1053087,
Primeira leva,13,Bancos e fiscal,SEFAZ Goiás — Auditor Fiscal da Receita Estadual 2025,GO,2025,Edital nº 01/2025 — Abertura de Inscrições — Auditor-Fiscal da Receita Estadual,https://goias.gov.br/economia/wp-content/uploads/sites/45/2025/05/EDITAL_Concurso_Aud_Sec_Economia_GO.pdf,https://goias.gov.br/economia/concurso-auditor-fiscal/,013_SEFAZ_Goi_s_Auditor_Fiscal_da_Receita_Estadual_2025.pdf,908824,
Primeira leva,14,Bancos e fiscal,SEFAZ Bahia — Agente de Tributos Estaduais,BA,2022,"Edital nº 001, de 25 de fevereiro de 2022 — Agente de Tributos Estaduais",https://conhecimento.fgv.br/sites/default/files/concursos/edital_22-03-25.pdf,https://conhecimento.fgv.br/concursos/saebba22,014_SEFAZ_Bahia_Agente_de_Tributos_Estaduais.pdf,1132437,
Primeira leva,15,Bancos e fiscal,SEFAZ Alagoas — Auditor de Finanças e Auditor Fiscal,AL,2021,"Edital nº 1 – SEFAZ/AL, de 24 de agosto de 2021 — Auditor de Finanças e Auditor Fiscal",https://cdn.cebraspe.org.br/concursos/sefaz_al_21_auditor/arquivos/ED_1_SEFAZ_AL_2021_ABT.PDF,https://www.cebraspe.org.br/concursos/sefaz_al_21_auditor,015_SEFAZ_Alagoas_Auditor_de_Finan_as_e_Auditor_Fiscal.pdf,911680,
Primeira leva,16,Bancos e fiscal,SEFAZ Amazonas — Concurso Público,AM,2022,"Edital nº 01, de 07 de fevereiro de 2022 — cargos de provimento efetivo de níveis médio e superior",https://conhecimento.fgv.br/sites/default/files/concursos/edital_de_abertura_sefaz-am-0702.pdf,https://conhecimento.fgv.br/concursos/sefazam22,016_SEFAZ_Amazonas_Concurso_P_blico.pdf,621018,
Primeira leva,17,Bancos e fiscal,SEFAZ Mato Grosso — Fiscal de Tributos Estaduais,MT,2023,Edital de abertura — Concurso Público para Fiscal de Tributos Estaduais,https://conhecimento.fgv.br/sites/default/files/concursos/edital-sefaz-mt.vf_.pdf,https://conhecimento.fgv.br/concursos/sefazmt23,017_SEFAZ_Mato_Grosso_Fiscal_de_Tributos_Estaduais.pdf,482911,
Primeira leva,18,Bancos e fiscal,SEEC Distrito Federal — Auditor Fiscal da Receita,DF,2019,"Edital nº 1 – SEEC/DF, de 17 de setembro de 2019 — Auditor Fiscal da Receita do Distrito Federal",https://cdn.cebraspe.org.br/concursos/seec_auditor_19/arquivos/ED_1_SEEC_DF_2019_AUDITOR_ABT.PDF,https://www.cebraspe.org.br/concursos/seec_auditor_19,018_SEEC_Distrito_Federal_Auditor_Fiscal_da_Receita.pdf,939688,
Primeira leva,19,Bancos e fiscal,SEAP/SEFAZ Paraná — Auditor Fiscal da Receita Estadual,PR,2025,Edital nº 013/2025 — Abertura do Concurso Público para Auditor Fiscal da Receita Estadual,https://conhecimento.fgv.br/sites/default/files/concursos/edital-013-25-abertura-concurso-publico-auditor-fiscal-repr_assinado.pdf,https://conhecimento.fgv.br/concursos/seappr25,019_SEAP_SEFAZ_Paran_Auditor_Fiscal_da_Receita_Estadual.pdf,786945,
Primeira leva,20,Bancos e fiscal,CAIXA — Concurso Público 2024 (Técnico Bancário Novo),Brasil,2024,"Edital nº 01/2024/NM, de 21 de fevereiro de 2024 — Concurso Público para Técnico Bancário Novo e Técnico Bancário Novo – Tecnologia da Informação",https://pesquisa.in.gov.br/imprensa/servlet/INPDFViewer?captchafield=firstAccess&data=22%2F02%2F2024&jornal=530&pagina=111,https://www.caixa.gov.br/sobre-a-caixa/trabalhe-na-caixa/paginas/default.aspx,020_CAIXA_Concurso_P_blico_2024_T_cnico_Banc_rio_Novo.pdf,15105348,
Primeira leva,21,Federais e administração,Concurso Público Nacional Unificado 1 (CPNU 2024),,2024,"Edital nº 1, de 10 de janeiro de 2024 — Bloco Temático 1: Infraestrutura, Exatas e Engenharias",https://www.gov.br/gestao/pt-br/concursonacional/editais/edital-cpnu-bloco-1-10jan2024.pdf/@@download/file,https://www.gov.br/gestao/pt-br/concursonacional/concurso-publico-nacional-unificado-1/,021_Concurso_P_blico_Nacional_Unificado_1_CPNU_2024.pdf,1193358,
Primeira leva,22,Federais e administração,Concurso Público do INSS (Técnico do Seguro Social),,2022,"Edital nº 1 - INSS, de 12 de setembro de 2022",https://www.gov.br/trabalho-e-emprego/pt-br/outros/imagens-capa/concurso-inss-2022-edital-no-1/@@download/file,https://www.gov.br/inss/pt-br/centrais-de-conteudo/legislacao/edital/2022/,022_Concurso_P_blico_do_INSS_T_cnico_do_Seguro_Social.pdf,1784742,
Primeira leva,23,Federais e administração,Concurso Público da Dataprev 2024,,2024,"Edital nº 1, de 5 de setembro de 2024",https://www.dataprev.gov.br/sites/default/files/arquivos/dataprev_edital_0.pdf,https://www.dataprev.gov.br/conheca-dataprev-faca-parte-da-dataprev-concursos/concurso-publico-2024,023_Concurso_P_blico_da_Dataprev_2024.pdf,923455,
Primeira leva,24,Federais e administração,Concurso Público da Polícia Federal — Plano Especial de Cargos (Administrativo),,2025,"Edital nº 1 - PF - Administrativo, de 25 de abril de 2025",https://www.gov.br/pf/pt-br/acesso-a-informacao/servidores/concursos/edital/plano-especial-de-cargos-2025/editais/edital-no-1_2025-dgp-pf.pdf/@@download/file,https://www.gov.br/pf/pt-br/acesso-a-informacao/servidores/concursos/edital/plano-especial-de-cargos-2025,024_Concurso_P_blico_da_Pol_cia_Federal_Plano_Especial_de_Cargos_Administrativo.pdf,1220272,
Primeira leva,25,Federais e administração,Concurso Público da Agência Nacional de Transportes Terrestres (ANTT),,2023,"Edital nº 1 - ANTT, de 27 de dezembro de 2023",https://cdn.cebraspe.org.br/concursos/antt_23/arquivos/ED_1_2023_ANTT_ABERTURA.PDF,https://www.gov.br/antt/pt-br/assuntos/ultimas-noticias/sai-edital-da-antt-para-realizacao-de-novo-concurso-publico,025_Concurso_P_blico_da_Ag_ncia_Nacional_de_Transportes_Terrestres_ANTT.pdf,494103,
Primeira leva,26,Federais e administração,Concurso Público da Agência Nacional de Vigilância Sanitária (Anvisa),,2024,"Edital nº 1 — Anvisa, de 11 de janeiro de 2024",https://cdn.cebraspe.org.br/concursos/anvisa_24/arquivos/ED_1_2024_ANVISA_ABERTURA.PDF,https://www.gov.br/anvisa/pt-br/acessoainformacao/servidores/concursos/2024/concurso-2024/,026_Concurso_P_blico_da_Ag_ncia_Nacional_de_Vigil_ncia_Sanit_ria_Anvisa.pdf,1078129,
Primeira leva,27,Federais e administração,Concurso Público do Instituto Brasileiro do Meio Ambiente e dos Recursos Naturais Renováveis (Ibama 2021),,2021,"Edital nº 1 - Ibama, de 29 de novembro de 2021",https://cdn.cebraspe.org.br/concursos/IBAMA_21/arquivos/ED_1_2021_IBAMA_ABERTURA.PDF,https://www.gov.br/ibama/pt-br/acesso-a-informacao/concursos/concursos-encerrados/analista-administrativo,027_Concurso_P_blico_do_Instituto_Brasileiro_do_Meio_Ambiente_e_dos_Recursos_Naturais_Renov_veis_Ibama_2021.pdf,1055284,
Primeira leva,28,Federais e administração,Concurso Público do Instituto Chico Mendes de Conservação da Biodiversidade (ICMBio 2021),,2021,"Edital nº 1 - ICMBio, de 26 de novembro de 2021",https://cdn.cebraspe.org.br/concursos/icmbio_21/arquivos/ED_1_ICMBIO_21_ABERTURA.PDF,https://www.cebraspe.org.br/concursos/ICMBIO_21,028_Concurso_P_blico_do_Instituto_Chico_Mendes_de_Conserva_o_da_Biodiversidade_ICMBio_2021.pdf,945973,
Primeira leva,29,Federais e administração,Concurso Público do Departamento Nacional de Infraestrutura de Transportes (DNIT),,2023,"Edital nº 1 CONCURSO DNIT-2023/2023/DNIT, de 22 de novembro de 2023",https://www.gov.br/dnit/pt-br/acesso-a-informacao/servidores/concurso-publico/concurso-publico-2023/edital-1-2023-concurso-publico.pdf,https://www.gov.br/dnit/pt-br/acesso-a-informacao/servidores/concurso-publico/concurso-publico-2023,029_Concurso_P_blico_do_Departamento_Nacional_de_Infraestrutura_de_Transportes_DNIT.pdf,1107050,
Primeira leva,30,Federais e administração,"CAIXA Econômica Federal — Concurso 2021 (Técnico Bancário Novo, PcD)",,2021,"Edital nº 1/2021/NM, de 9 de setembro de 2021 — edital original de abertura",https://www.caixa.gov.br/Downloads/concurso-publico-editais/EDITAL-2021-PcD-1.pdf,https://www.caixa.gov.br/sobre-a-caixa/trabalhe-na-caixa/paginas/default.aspx,030_CAIXA_Econ_mica_Federal_Concurso_2021_T_cnico_Banc_rio_Novo_PcD.pdf,979937,
Primeira leva,31,Federais e administração,Concurso Público da Dataprev (2023),,2023,"Edital nº 1 – Dataprev, de 28 de julho de 2023",https://www.dataprev.gov.br/sites/default/files/arquivos/ed_1_2023_dataprev_abertura.pdf,https://www.dataprev.gov.br/conheca-dataprev-faca-parte-da-dataprev-concursos/concurso-publico-2023,031_Concurso_P_blico_da_Dataprev_2023.pdf,1441409,
Primeira leva,32,Federais e administração,Concurso Público da Agência Nacional de Mineração (ANM 2024),,2024,"Edital nº 1 – ANM, de 21 de novembro de 2024",https://cdn.cebraspe.org.br/concursos/anm_24/arquivos/ED_1_ANM_24_CONCURSO_ABERTURA.PDF,https://www.gov.br/anm/pt-br/acesso-a-informacao/servidores/concursos-publicos,032_Concurso_P_blico_da_Ag_ncia_Nacional_de_Minera_o_ANM_2024.pdf,1577533,
Primeira leva,33,Federais e administração,Concurso Público da Advocacia-Geral da União (AGU),,2022,"Edital nº 1 - AGU, de 26 de dezembro de 2022",https://www.gov.br/agu/pt-br/edital-no-1-agu-de-26-de-dezembro-de-2022-edital-no-1-agu-de-26-de-dezembro-de-2022-dou-imprensa-nacional.pdf/@@download/file,https://www.gov.br/agu/pt-br/edital-no-1-agu-de-26-de-dezembro-de-2022-edital-no-1-agu-de-26-de-dezembro-de-2022-dou-imprensa-nacional.pdf/view,033_Concurso_P_blico_da_Advocacia_Geral_da_Uni_o_AGU.pdf,866634,
Primeira leva,34,Federais e administração,Concurso Público da Agência Espacial Brasileira (AEB 2024),,2024,"Edital nº 1 – AEB, de 27 de dezembro de 2024",https://www.gov.br/aeb/pt-br/acesso-a-informacao/concurso-e-processos-seletivos/ED_1_AEB_24_ABERTURA.pdf,https://www.gov.br/aeb/pt-br/acesso-a-informacao/servidores-e-colaboradores/concursos-publicos/concurso-publico-aeb-2024,034_Concurso_P_blico_da_Ag_ncia_Espacial_Brasileira_AEB_2024.pdf,1053038,
Primeira leva,35,Federais e administração,Concurso Público da Agência Nacional de Águas e Saneamento Básico (ANA 2024),,2024,"Edital nº 1 – ANA, de 12 de janeiro de 2024",https://cdn.cebraspe.org.br/concursos/ana_24/arquivos/ED_1_2024_ANA_ABERTURA.PDF,https://www.gov.br/ana/pt-br/todos-os-documentos-do-portal/documentos-saf/concursos-ana/5o-concurso,035_Concurso_P_blico_da_Ag_ncia_Nacional_de_guas_e_Saneamento_B_sico_ANA_2024.pdf,985715,
Primeira leva,36,Federais e administração,Concurso Público do Serviço Federal de Processamento de Dados (SERPRO 2023),,2023,"Edital nº 1 – SERPRO, de 18 de abril de 2023",https://www.transparencia.serpro.gov.br/acesso-a-informacao/servidores/concurso-publico/concurso-publico-2023/edital-n-1-concurso-serpro-2023.pdf,https://www.transparencia.serpro.gov.br/acesso-a-informacao/servidores/concurso-publico/concurso-publico-2023,036_Concurso_P_blico_do_Servi_o_Federal_de_Processamento_de_Dados_SERPRO_2023.pdf,1019940,
Primeira leva,37,Federais e administração,Concurso Público da Agência Nacional de Aviação Civil (ANAC 2023),,2023,"Edital nº 1 – ANAC, de 7 de dezembro de 2023",https://cdn.cebraspe.org.br/concursos/anac_23/arquivos/ED_1_ANAC_2023_ABERTURA.PDF,https://www.anac.gov.br/assuntos/legislacao/editais/2023,037_Concurso_P_blico_da_Ag_ncia_Nacional_de_Avia_o_Civil_ANAC_2023.pdf,992983,
Primeira leva,38,Federais e administração,Concurso Público do Instituto Brasileiro do Meio Ambiente e dos Recursos Naturais Renováveis (Ibama 2025),,2025,"Edital nº 1 - Ibama, de 23 de janeiro de 2025",https://cdn.cebraspe.org.br/concursos/IBAMA_25/arquivos/ED_1_IBAMA_24_ABERTURA.PDF,https://www.gov.br/ibama/pt-br/acesso-a-informacao/concursos/concurso-2025,038_Concurso_P_blico_do_Instituto_Brasileiro_do_Meio_Ambiente_e_dos_Recursos_Naturais_Renov_veis_Ibama_2025.pdf,487790,
Primeira leva,39,Federais e administração,Concurso Público do Instituto Chico Mendes de Conservação da Biodiversidade (ICMBio 2024),,2024,"Edital nº 1 - ICMBio, de 6 de dezembro de 2024",https://cdn.cebraspe.org.br/concursos/icmbio_24/arquivos/ED_1_ICMBIO_24_ABERTURA.PDF,https://www.gov.br/icmbio/pt-br/acesso-a-informacao/governanca-e-gestao-de-pessoas/recrutamento-e-selecao/concurso-publico-2024,039_Concurso_P_blico_do_Instituto_Chico_Mendes_de_Conserva_o_da_Biodiversidade_ICMBio_2024.pdf,1022956,
Primeira leva,40,Federais e administração,Concurso Público da NAV Brasil Serviços de Navegação Aérea S.A. (2026),,2026,Edital nº 01/2026 — Abertura do Concurso Público destinado ao provimento de cargos efetivos da NAV Brasil Serviços de Navegação Aérea S.A.,https://conhecimento.fgv.br/sites/default/files/concursos/edital-01-2026-nav-brasil_0.pdf,https://www.navbrasil.gov.br/acesso-a-informacao/agentes-publicos/concursos/concurso-publico/concurso-nav-brasil-2026/,040_Concurso_P_blico_da_NAV_Brasil_Servi_os_de_Navega_o_A_rea_S_A_2026.pdf,824110,
Primeira leva,41,Justiça e jurídico,Tribunal de Justiça de Santa Catarina (TJSC) – servidores,Santa Catarina (estadual),2024,Edital nº 25/2024 — Concurso Público para ingresso no quadro de pessoal do Poder Judiciário do Estado de Santa Catarina,https://conhecimento.fgv.br/sites/default/files/concursos/edital-25-2024-concurso-servidores-assinado.pdf,,041_Tribunal_de_Justi_a_de_Santa_Catarina_TJSC_servidores.pdf,1643806,
Primeira leva,42,Justiça e jurídico,Tribunal Regional do Trabalho da 24ª Região (TRT-24) – servidores,Mato Grosso do Sul (24ª Região),2024,Edital nº 01/2024 — Concurso Público para Analista Judiciário e Técnico Judiciário,https://conhecimento.fgv.br/sites/default/files/concursos/edital-trt-24-em-31.10.pdf,,042_Tribunal_Regional_do_Trabalho_da_24_Regi_o_TRT_24_servidores.pdf,792642,
Primeira leva,43,Justiça e jurídico,Tribunal Regional Federal da 1ª Região (TRF1) – servidores,"1ª Região: DF e estados do Norte, Centro-Oeste e parte do Nordeste",2024,Edital nº 1/2024 — Abertura do VIII Concurso Público para provimento de cargos de Analista Judiciário e Técnico Judiciário,https://conhecimento.fgv.br/sites/default/files/concursos/edital_1_2024-abertura-8o-concurso.pdf,,043_Tribunal_Regional_Federal_da_1_Regi_o_TRF1_servidores.pdf,3070852,
Primeira leva,44,Justiça e jurídico,Ministério Público de Goiás (MPGO) – Promotor de Justiça Substituto,Goiás,2023,Resolução n. 03/2023-CSMP — Edital n. 118/2023-CSMP (62º Concurso de Ingresso na Carreira),https://conhecimento.fgv.br/sites/default/files/concursos/versao-final-edital-62o-concurso-para-ingresso-na-carreira-do-ministerio-publico.pdf,,044_Minist_rio_P_blico_de_Goi_s_MPGO_Promotor_de_Justi_a_Substituto.pdf,2427525,
Primeira leva,45,Justiça e jurídico,Tribunal de Justiça do Estado de Goiás (TJGO) — servidores,Goiás / Justiça,2024,Edital nº 01/2024 — 3º Concurso Público Unificado (edital original de abertura),https://www.tjgo.jus.br/files/concursos/servidoresserventuario/editaisPublicados/editaisPublicados_2024/02-EDITAL_Concurso_Analista_2024.pdf,,045_Tribunal_de_Justi_a_do_Estado_de_Goi_s_TJGO_servidores.pdf,703572,
Primeira leva,46,Justiça e jurídico,Tribunal de Justiça de Pernambuco (TJPE) – Juiz Substituto,Pernambuco,2024,Edital nº 01/2024 — Abertura de concurso público para provimento de cargo de Juiz Substituto da Justiça do Estado de Pernambuco,https://conhecimento.fgv.br/sites/default/files/concursos/tjpe_edital-16.08.2024.pdf,,046_Tribunal_de_Justi_a_de_Pernambuco_TJPE_Juiz_Substituto.pdf,726515,
Primeira leva,47,Justiça e jurídico,Tribunal de Justiça de Santa Catarina (TJSC) – Juiz Substituto,Santa Catarina,2024,Edital n. 44/2024 — Concurso Público para ingresso na carreira da Magistratura do Estado de Santa Catarina,https://conhecimento.fgv.br/sites/default/files/concursos/edital-n.-44-2024-abertura-concurso-magistratura.pdf,,047_Tribunal_de_Justi_a_de_Santa_Catarina_TJSC_Juiz_Substituto.pdf,659478,
Primeira leva,48,Justiça e jurídico,Concurso Público Nacional Unificado da Justiça Eleitoral (CPNUJE) – TSE e TREs,Nacional (TSE + TREs dos 26 estados e DF),2024,"Edital nº 1 — CPNUJE, de 27 de maio de 2024 — abertura do Concurso Público Nacional Unificado da Justiça Eleitoral",https://cdn.cebraspe.org.br/concursos/cpnuje_24/arquivos/EDITAL_1_2024_CPNUJE_ABERTURA.PDF,,048_Concurso_P_blico_Nacional_Unificado_da_Justi_a_Eleitoral_CPNUJE_TSE_e_TREs.pdf,1629959,
Primeira leva,49,Justiça e jurídico,Tribunal Superior do Trabalho (TST) – servidores,Federal (sede em Brasília/DF),2023,"Edital nº 1 — TST, de 21 de setembro de 2023 — Concurso Público para provimento de cargos de Analista Judiciário e Técnico Judiciário",https://cdn.cebraspe.org.br/concursos/TST_23/arquivos/ED_1_2023_TST_SERVIDOR_ABERTURA.PDF,,049_Tribunal_Superior_do_Trabalho_TST_servidores.pdf,928691,
Primeira leva,50,Justiça e jurídico,Tribunal Regional do Trabalho da 10ª Região (TRT-10) – servidores,Distrito Federal e Tocantins (10ª Região),2024,"Edital nº 1 — TRT 10ª Região, de 19 de dezembro de 2024 — abertura do concurso público",https://cdn.cebraspe.org.br/concursos/trt10_24/arquivos/ED_1_2024_TRT_10_ABERTURA.PDF,,050_Tribunal_Regional_do_Trabalho_da_10_Regi_o_TRT_10_servidores.pdf,1314795,
Primeira leva,51,Justiça e jurídico,Tribunal de Contas da União (TCU) — Técnico Federal de Controle Externo,Federal / Justiça e controle,2025,"Edital nº 1 - TCU/TEFC, de 22 de maio de 2025 (edital de abertura)",https://portal.tcu.gov.br/data/files/FE/36/7A/F4/D7D07910CEFACB59E18818A8/EDITAL%20N%201%20-%20TCU_TEFC_%20DE%2022%20DE%20MAIO%20DE%202025%20-%20EDITAL%20N%201%20-%20TCU_TEFC_%20DE%2022%20DE%20MAIO%20DE%202025%20-%20DOU%20-%20Imprensa%20Nacional%20_1_.pdf,,051_Tribunal_de_Contas_da_Uni_o_TCU_T_cnico_Federal_de_Controle_Externo.pdf,589226,
Primeira leva,52,Justiça e jurídico,Tribunal de Contas do Estado do Paraná (TCE-PR) – Auditor de Controle Externo,Paraná,2024,"Edital nº 1 — TCE-PR, de 20 de maio de 2024 — Concurso para Auditor de Controle Externo",https://cdn.cebraspe.org.br/concursos/tce_pr_24_auditor/arquivos/ED_1_2024_TCE_PR_ABERTURA.PDF,,052_Tribunal_de_Contas_do_Estado_do_Paran_TCE_PR_Auditor_de_Controle_Externo.pdf,546883,
Primeira leva,53,Justiça e jurídico,Defensoria Pública do Estado do Rio de Janeiro (DPE-RJ) – Defensor Público,Rio de Janeiro,2023,Edital de Abertura do XXVIII Concurso para ingresso na classe inicial da carreira da Defensoria Pública do Estado do Rio de Janeiro,https://conhecimento.fgv.br/sites/default/files/concursos/sei_1203059_edital_de_concurso_230705_172252-1.pdf,,053_Defensoria_P_blica_do_Estado_do_Rio_de_Janeiro_DPE_RJ_Defensor_P_blico.pdf,194827,
Primeira leva,54,Justiça e jurídico,Defensoria Pública do Estado de Pernambuco (DPE-PE) – Defensor Público,Pernambuco,2025,Edital nº 01/2025 — IV Concurso Público para ingresso na carreira de Defensor Público,https://conhecimento.fgv.br/sites/default/files/concursos/edital-abertura-dpe-pe-27.02_atualizado.pdf,,054_Defensoria_P_blica_do_Estado_de_Pernambuco_DPE_PE_Defensor_P_blico.pdf,545707,
Primeira leva,55,Justiça e jurídico,Procuradoria-Geral do Estado de Santa Catarina (PGE-SC) – Procurador do Estado,Santa Catarina,2022,Edital de Concurso Público nº 1/2022 — 10º Concurso para Procurador do Estado,https://conhecimento.fgv.br/sites/default/files/concursos/versao_final_-_edital_pge-sc_29.08.22_481463346.pdf,,055_Procuradoria_Geral_do_Estado_de_Santa_Catarina_PGE_SC_Procurador_do_Estado.pdf,944854,
Primeira leva,56,Justiça e jurídico,Assembleia Legislativa do Estado do Paraná (ALEP) – Procurador,Paraná,2024,"Edital nº 01/2024 — abertura do Concurso Público para Procurador, Classe 3",https://transparencia.assembleia.pr.leg.br/storage/concursos_publicos/2024/Concurso%20P%C3%BAblico%20-%20Edital.pdf,,056_Assembleia_Legislativa_do_Estado_do_Paran_ALEP_Procurador.pdf,13745405,
Primeira leva,57,Justiça e jurídico,Advocacia-Geral do Estado de Minas Gerais (AGE-MG) – Procurador do Estado,Minas Gerais,2022,"Concurso Público — Edital 01/2022 — Procurador do Estado Nível I, Grau A",https://conhecimento.fgv.br/sites/default/files/concursos/fgv_minuta_de_edital_age-mg_-_22.06.2022_.pdf,,057_Advocacia_Geral_do_Estado_de_Minas_Gerais_AGE_MG_Procurador_do_Estado.pdf,1161633,
Primeira leva,58,Justiça e jurídico,Ministério Público do Estado do Rio de Janeiro (MPRJ) – Promotor de Justiça Substituto,Rio de Janeiro,2025,Edital do XXXVIII Concurso para ingresso na classe inicial da carreira do Ministério Público do Estado do Rio de Janeiro,https://conhecimento.fgv.br/sites/default/files/concursos/edital-versao-final-mprj-1_0.pdf,,058_Minist_rio_P_blico_do_Estado_do_Rio_de_Janeiro_MPRJ_Promotor_de_Justi_a_Substituto.pdf,494938,
Primeira leva,59,Justiça e jurídico,Tribunal Regional Federal da 1ª Região (TRF1) – Juiz Federal Substituto,"1ª Região: DF e estados do Norte, Centro-Oeste e parte do Nordeste",2023,Edital de Abertura nº 01/2023 — XVII Concurso para Juiz Federal Substituto do TRF da 1ª Região,https://conhecimento.fgv.br/sites/default/files/concursos/edital_trf1_0.pdf,,059_Tribunal_Regional_Federal_da_1_Regi_o_TRF1_Juiz_Federal_Substituto.pdf,898949,
Primeira leva,60,Justiça e jurídico,Ministério Público do Estado de São Paulo (MPSP) – Analista de Promotoria I,São Paulo,2022,"Concurso Público nº 01/2022 — Edital de Abertura de Inscrições — Analista de Promotoria I, área de Saúde e Assistência Social",https://conhecimento.fgv.br/sites/default/files/concursos/mpsp_-_edital_de_abertura_de_analista_area_de_saude_publicado_13_12_2022_versao_mpsp_pdf.pdf,,060_Minist_rio_P_blico_do_Estado_de_S_o_Paulo_MPSP_Analista_de_Promotoria_I.pdf,418504,
Primeira leva,61,Polícia e militar,"Concurso público para provimento de vagas nos cargos de Delegado, Perito, Escrivão, Agente e Papiloscopista da Polícia Federal",,2025,"EDITAL Nº 1 - PF - POLICIAL, DE 20 DE MAIO DE 2025",https://www.gov.br/pf/pt-br/acesso-a-informacao/servidores/concursos/edital/carreira-policial-2025/editais/edital-no-1_2025-dgp-pf.pdf/@@download/file,https://www.gov.br/pf/pt-br/acesso-a-informacao/servidores/concursos/edital/carreira-policial-2025/editais,061_Concurso_p_blico_para_provimento_de_vagas_nos_cargos_de_Delegado_Perito_Escriv_o_Agente_e_Papiloscopista_da_Pol_cia_Federal.pdf,1576397,
Primeira leva,62,Polícia e militar,Concurso público para admissão aos cursos de Formação de Oficiais e de Formação de Praças da PMAL,,2026,"EDITAL Nº 1 – PMAL, DE 19 DE MARÇO DE 2026",https://cdn.cebraspe.org.br/concursos/pm_al_26/arquivos/4F19563019D5F3C31114556A83C09443AAEA573037B5F7D401F8A4EFD4069911.pdf,https://www.cebraspe.org.br/concursos/PM_AL_26,062_Concurso_p_blico_para_admiss_o_aos_cursos_de_Forma_o_de_Oficiais_e_de_Forma_o_de_Pra_as_da_PMAL.pdf,737556,
Primeira leva,63,Polícia e militar,Concurso público para admissão aos cursos de Formação de Oficiais e de Formação de Praças do CBMAL,,2026,"EDITAL Nº 1 – CBM/AL, DE 21 DE MAIO DE 2026",https://cdn.cebraspe.org.br/concursos/CBM_AL_26/arquivos/C1EF411689B29A74EB4731A85C78E92A260BE04CD1DCD8388A5BE37EBC1D2EE6.pdf,https://www.cebraspe.org.br/concursos/CBM_AL_26,063_Concurso_p_blico_para_admiss_o_aos_cursos_de_Forma_o_de_Oficiais_e_de_Forma_o_de_Pra_as_do_CBMAL.pdf,606403,
Primeira leva,64,Polícia e militar,Concurso público para Soldado PM de 2ª Classe da Polícia Militar do Estado de São Paulo,,2025,EDITAL DE CONCURSO PÚBLICO Nº DP-2/321/25,https://concursos.policiamilitar.sp.gov.br/wp-content/uploads/2025/09/Edital-doesp-174-de-03SET25.pdf,https://concursos.policiamilitar.sp.gov.br/concursos/edital-dp-2-321-25-concurso-para-sd-pm-2a-classe/,064_Concurso_p_blico_para_Soldado_PM_de_2_Classe_da_Pol_cia_Militar_do_Estado_de_S_o_Paulo.pdf,3064905,
Primeira leva,65,Polícia e militar,Concurso público para provimento de vagas no cargo de Oficial Investigador de Polícia da PCES,,2025,"EDITAL DE CONCURSO PÚBLICO Nº 01/2025 - PCES, DE 06 DE OUTUBRO DE 2025",https://pc.es.gov.br/media/2025/diario_oficial_2025-10-06%20edital%20de%20abertura%20PCES.pdf,https://pc.es.gov.br/concursos,065_Concurso_p_blico_para_provimento_de_vagas_no_cargo_de_Oficial_Investigador_de_Pol_cia_da_PCES.pdf,363293,
Primeira leva,66,Polícia e militar,Concurso público para Delegado de Polícia Civil do Estado do Ceará,,2025,"EDITAL Nº 1 – PC/CE DELEGADO, DE 14 DE MARÇO DE 2025",https://cdn.cebraspe.org.br/concursos/PC_CE_25_DELEGADO/arquivos/Ed_1_2025_PC_CE_Delegado_Abertura.pdf,https://www.policiacivil.ce.gov.br/concurso-delegado-2025/,066_Concurso_p_blico_para_Delegado_de_Pol_cia_Civil_do_Estado_do_Cear.pdf,584448,
Primeira leva,67,Polícia e militar,Concurso público para provimento de vagas e formação de cadastro de reserva para Oficial Investigador de Polícia da PC-CE,,2025,"EDITAL Nº 1 – PC/CE, DE 14 DE ABRIL DE 2025",https://www.cev.uece.br/wp-content/uploads/2025/04/edital01pcce.pdf,https://www.policiacivil.ce.gov.br/concurso-oficial-investigador-2025/,067_Concurso_p_blico_para_provimento_de_vagas_e_forma_o_de_cadastro_de_reserva_para_Oficial_Investigador_de_Pol_cia_da_PC_CE.pdf,594956,
Primeira leva,68,Polícia e militar,"Concurso público para Técnico-Assistente da Polícia Civil e de Atividades Governamentais, área Auxiliar de Perícia",,2025,"EDITAL Nº 01/2025 – PCMG, DE 6 DE NOVEMBRO DE 2025",https://cdn.cebraspe.org.br/concursos/pc_mg_25_tpag/arquivos/50DD137B23BF474B1B8ED6608D0772F9EEA7CF6F5D3F64A483D9A99F36208796.pdf,https://www.cebraspe.org.br/concursos/pc_mg_25_tpag,068_Concurso_p_blico_para_T_cnico_Assistente_da_Pol_cia_Civil_e_de_Atividades_Governamentais_rea_Auxiliar_de_Per_cia.pdf,450027,
Primeira leva,69,Polícia e militar,Concurso público para provimento de 1.600 vagas no cargo de Policial Penal da Diretoria-Geral de Polícia Penal,,2024,"EDITAL Nº 02, DE 02 DE JULHO DE 2024",https://goias.gov.br/administracao/wp-content/uploads/sites/27/2024/07/020724-Edital00224-PP.pdf,https://goias.gov.br/administracao/edital-002-2024-dgpp-policial-penal/,069_Concurso_p_blico_para_provimento_de_1_600_vagas_no_cargo_de_Policial_Penal_da_Diretoria_Geral_de_Pol_cia_Penal.pdf,824618,
Primeira leva,70,Polícia e militar,Concurso público para admissão ao Curso de Formação de Soldados do Quadro de Praças da PMMG para 2025,,2024,"EDITAL DRH/CRS Nº 10, DE 09 DE MAIO DE 2024",https://intranet.policiamilitar.mg.gov.br/conteudoportal/sites/concurso/090520242041069440.pdf,https://www.policiamilitar.mg.gov.br/site/crs,070_Concurso_p_blico_para_admiss_o_ao_Curso_de_Forma_o_de_Soldados_do_Quadro_de_Pra_as_da_PMMG_para_2025.pdf,1421093,
Primeira leva,71,Polícia e militar,Concurso público para provimento de vagas no Curso de Formação de Soldados do Quadro Policial Militar da PMERJ,,2023,"EDITAL DE ABERTURA Nº 001/2023 – SEPM, EM 25 DE MAIO DE 2023",https://d176ag6w8jsbr9.cloudfront.net/uploads/260523-upload-edital-pmerj-1-merged-1.pdf,https://conhecimento.fgv.br/concursos/pmerj24/soldados,071_Concurso_p_blico_para_provimento_de_vagas_no_Curso_de_Forma_o_de_Soldados_do_Quadro_Policial_Militar_da_PMERJ.pdf,2240512,
Primeira leva,72,Polícia e militar,Concurso público da PCDF para a carreira de Gestão de Apoio às Atividades Policiais Civis,,2024,"EDITAL Nº 1 – PCDF, DE 5 DE SETEMBRO DE 2024",https://cdn.cebraspe.org.br/concursos/pc_df_24_adm/arquivos/ED_1_PCDF_ADM_2024_ABERTURA.PDF,https://www.cebraspe.org.br/concursos/pc_df_24_adm,072_Concurso_p_blico_da_PCDF_para_a_carreira_de_Gest_o_de_Apoio_s_Atividades_Policiais_Civis.pdf,1208138,
Primeira leva,73,Polícia e militar,"Concurso público para provimento de vagas nos cargos de Agente, Escrivão e Delegado da Polícia Civil de Pernambuco",,2023,"EDITAL Nº 1 – PCPE, DE 21 DE DEZEMBRO DE 2023",https://cdn.cebraspe.org.br/concursos/pc_pe_23/arquivos/ED_1_2023_PC_PE_ABERTURA.PDF,https://www.cebraspe.org.br/concursos/pc_pe_23,073_Concurso_p_blico_para_provimento_de_vagas_nos_cargos_de_Agente_Escriv_o_e_Delegado_da_Pol_cia_Civil_de_Pernambuco.pdf,1284121,
Primeira leva,74,Polícia e militar,Concurso público para ingresso no Curso de Formação de Praças da Polícia Militar de Santa Catarina,,2023,"EDITAL Nº 002/CGCP/2023 – CFP, DE 09 DE MAIO DE 2023",https://cdn.cebraspe.org.br/concursos/pm_sc_23_soldado/arquivos/ED_1_2022_PMSC_ABERTURA_SOLDADO.PDF,https://www.cebraspe.org.br/concursos/pm_sc_23_soldado,074_Concurso_p_blico_para_ingresso_no_Curso_de_Forma_o_de_Pra_as_da_Pol_cia_Militar_de_Santa_Catarina.pdf,1462861,
Primeira leva,75,Polícia e militar,Concurso público para o Curso de Formação de Praças da Polícia Militar do Rio Grande do Norte,,2023,EDITAL Nº 01/2023 - PMRN - 20 DE JANEIRO DE 2023,https://fs.ibfc.org.br/arquivos/b8591c90c1a6cd5661678e75e5329175.pdf,https://concursos.ibfc.org.br/informacoes/415/,075_Concurso_p_blico_para_o_Curso_de_Forma_o_de_Pra_as_da_Pol_cia_Militar_do_Rio_Grande_do_Norte.pdf,593686,
Primeira leva,76,Polícia e militar,Concurso público para admissão ao Curso de Formação de Praças Bombeiros Militares do CBMPA,,2023,"EDITAL Nº 1 – CBMPA – CFP/BM, DE 24 DE OUTUBRO DE 2023",https://cdn.cebraspe.org.br/concursos/cbm_pa_23_cfp/arquivos/ED_1_CBM_PA_CFP_ABERTURA.PDF,https://www.cebraspe.org.br/concursos/cbm_pa_23_cfp,076_Concurso_p_blico_para_admiss_o_ao_Curso_de_Forma_o_de_Pra_as_Bombeiros_Militares_do_CBMPA.pdf,520251,
Primeira leva,77,Polícia e militar,"Concurso público para provimento de vagas de Delegado, Escrivão e Investigador da Polícia Civil da Bahia",,2022,"EDITAL DE ABERTURA DE INSCRIÇÕES - SAEB Nº 02/2022, DE 20 DE ABRIL DE 2022",https://www.ba.gov.br/policiacivil/sites/site-pcba/files/migracao_2024/arquivos/File/EDITALDEABERTURA2022/EDITALDEABERTURADEINSCRICOESSAEBNr022022.pdf,https://www.ba.gov.br/policiacivil/editais/20470/concurso-publico-policia-civil-da-bahia-edital-saeb-no-022022,077_Concurso_p_blico_para_provimento_de_vagas_de_Delegado_Escriv_o_e_Investigador_da_Pol_cia_Civil_da_Bahia.pdf,636916,
Primeira leva,78,Polícia e militar,Concurso público para provimento de vagas no cargo de Delegado de Polícia Civil do Espírito Santo,,2022,"EDITAL Nº 1 – PCES, DE 6 DE JULHO DE 2022",https://cdn.cebraspe.org.br/concursos/pc_es_22_delegado/arquivos/ED_1_PCES_DELEGADO_22_ABERTURA.PDF,https://pc.es.gov.br/concursos,078_Concurso_p_blico_para_provimento_de_vagas_no_cargo_de_Delegado_de_Pol_cia_Civil_do_Esp_rito_Santo.pdf,1085359,
Primeira leva,79,Polícia e militar,Concurso público para provimento de vagas no cargo de Policial Rodoviário Federal,,2021,"EDITAL Nº 1, DE 18 DE JANEIRO DE 2021",https://cdn.cebraspe.org.br/concursos/prf_21/arquivos/ED_1_PRF_2021_ABERTURA.PDF,https://www.cebraspe.org.br/concursos/prf_21,079_Concurso_p_blico_para_provimento_de_vagas_no_cargo_de_Policial_Rodovi_rio_Federal.pdf,1306391,
Primeira leva,80,Polícia e militar,Concurso público para provimento de vagas no cargo de Oficial Combatente da Polícia Militar de Rondônia,,2022,"EDITAL Nº 1 – SESDEC – PM/RO, DE 7 DE JULHO DE 2022",https://cdn.cebraspe.org.br/concursos/PM_RO_22/arquivos/ED_1_2022_PM_RO_ABT.PDF,https://www.cebraspe.org.br/concursos/PM_RO_22,080_Concurso_p_blico_para_provimento_de_vagas_no_cargo_de_Oficial_Combatente_da_Pol_cia_Militar_de_Rond_nia.pdf,1144891,
Primeira leva,81,Educação e saúde,ALECE – Concurso para Analista Legislativo e Técnico Legislativo,CE / Assembleia Legislativa,2026,"Edital nº 01/2026, de 21 de maio de 2026",https://www.al.ce.gov.br/userfiles/files/Ano%202%20N%C3%BAmero%2089.pdf,https://www.al.ce.gov.br/paginas/concursos-publicos,081_ALECE_Concurso_para_Analista_Legislativo_e_T_cnico_Legislativo.pdf,1714246,
Primeira leva,82,Educação e saúde,ALESC – Concurso Público para Analista Legislativo III,SC / Assembleia Legislativa,2024,Edital nº 01/2024 – Concurso Público para provimento de vagas para cargos efetivos do quadro de pessoal da ALESC,https://conhecimento.fgv.br/sites/default/files/concursos/alesc_02.02.24.pdf,https://conhecimento.fgv.br/concursos/alesc24,082_ALESC_Concurso_P_blico_para_Analista_Legislativo_III.pdf,649490,
Primeira leva,83,Educação e saúde,SEE-AC – Concurso para cargos da Secretaria de Estado de Educação e Cultura,AC / educação estadual,2024,"Edital nº 001 SEAD/SEE, de 20 de setembro de 2024",https://sead.ac.gov.br/wp-content/uploads/2024/12/Edital-no-001-SEE-Edital-de-abertura-20-09-2024.pdf,https://sead.ac.gov.br/editais-see-secretaria-de-educacao/,083_SEE_AC_Concurso_para_cargos_da_Secretaria_de_Estado_de_Educa_o_e_Cultura.pdf,995230,
Primeira leva,84,Educação e saúde,SES-MG – Especialista em Políticas e Gestão da Saúde,MG / saúde estadual,2026,Edital de Abertura SES nº 01/2026,https://www.mg.gov.br/system/files/media/planejamento/documento_detalhado/2026/gestao-de-pessoas/concursos-publicos/ses-mg-edital-3.pdf,https://www.mg.gov.br/planejamento/documento/edital-de-abertura-ses-no-01-2026,084_SES_MG_Especialista_em_Pol_ticas_e_Gest_o_da_Sa_de.pdf,971829,
Primeira leva,85,Educação e saúde,SESA-PR – Concurso para o Quadro Próprio dos Servidores da Saúde,PR / saúde estadual,2025,Concurso Público – Edital n.º 265/2025 – DRH/SEAP (Edital de Abertura),https://anexos.cdn.selecao.net.br/uploads/281/concursos/4122/anexos/cc16396c-3087-4f3c-b3bc-c7f046adca84.pdf,https://fafipa.selecao.net.br/concurso/4122-governo-do-estado-do-parana-secretaria-de-estado-da,085_SESA_PR_Concurso_para_o_Quadro_Pr_prio_dos_Servidores_da_Sa_de.pdf,767157,
Primeira leva,86,Educação e saúde,FUNSAU-MS – Concurso da Fundação de Serviços de Saúde de Mato Grosso do Sul,MS / saúde estadual,2024,Edital nº 1/2024 – SAD/SES/FUNSAU/SUPERIOR/2024,https://anexos.cdn.selecao.net.br/uploads/779/concursos/17/anexos/3Yon8uWhsfCnj6UjmwlcWFcSgKz3M08IyJ7WhTYs.pdf,https://www2.concursos.ms.gov.br/?concurso=150&location=editais_complemento,086_FUNSAU_MS_Concurso_da_Funda_o_de_Servi_os_de_Sa_de_de_Mato_Grosso_do_Sul.pdf,550033,
Primeira leva,87,Educação e saúde,UFF – Técnico-Administrativos em Educação,RJ / universidade federal,2025,Edital nº 96/2025,https://portal.coseac.uff.br/wp-content/uploads/2025/05/Edital-96-2025-Versao-DOU.pdf,https://portal.coseac.uff.br/concurso-uff-2025-edital-96-2025/,087_UFF_T_cnico_Administrativos_em_Educa_o.pdf,2680309,
Primeira leva,88,Educação e saúde,UFMG – Técnico-Administrativos em Educação,MG / universidade federal,2025,"Edital nº 3428, de 23 de dezembro de 2025",https://backend.copeve.ufmg.br/uploads/Concurso_TAE_Edital_3428_2025_Edital_67aec41991.pdf,https://www2.ufmg.br/concursos/Concursos/Tecnico-Administrativo/Concurso-2025-Cargos-Tecnico-Administrativos-em-Educacao-Edital-n1-3428-publicado-em-26-12-2025,088_UFMG_T_cnico_Administrativos_em_Educa_o.pdf,756481,
Primeira leva,89,Educação e saúde,UFSM – Técnico-Administrativos em Educação,RS / universidade federal,2025,Edital nº 050/2025-PROGEP/UFSM,https://portal.ufsm.br/documentos/download.html?action=arquivosIndexados&download=false&id=15560038,https://www.ufsm.br/pro-reitorias/progep/editais/050-2025,089_UFSM_T_cnico_Administrativos_em_Educa_o.pdf,587255,
Primeira leva,90,Educação e saúde,UFPE – Técnico-Administrativos em Educação,PE / universidade federal,2023,"Edital nº 10, de 05 de julho de 2023",https://www.ufpe.br/documents/560019/1867531/Edital%2BPCCTAE_10%2B2023.pdf/3d0a66f6-80d6-4e75-a101-bf446ead67b4,https://www.ufpe.br/en/progepe/concurso-de-tecnicos-administrativos,090_UFPE_T_cnico_Administrativos_em_Educa_o.pdf,905814,
Primeira leva,91,Educação e saúde,IFMG – Técnico-Administrativos em Educação (Nível E),MG / instituto federal,2025,Edital nº 374/2025 – Concurso Público – TAE – Nível E,https://concursos.ifmg.edu.br/arquivo.php?file=edital%2F1%2F47%2F70579c8863b67af9b07b048e3b9717f5.pdf,https://portal.concursos.ifmg.edu.br/edital/ver/47,091_IFMG_T_cnico_Administrativos_em_Educa_o_N_vel_E.pdf,539387,
Primeira leva,92,Educação e saúde,UFCA – Professor do Magistério Superior (Edital 48/2025),CE / universidade federal,2025,Edital nº 48/2025 – Concurso Público para o Cargo de Professor do Magistério Superior,https://documentos.ufca.edu.br/wp-folder/wp-content/uploads/2025/12/Edital-48_2025.pdf,https://www.ufca.edu.br/admissao/concursos-e-selecoes/docentes/efetivo/editais-vigentes/edital-48-2025/,092_UFCA_Professor_do_Magist_rio_Superior_Edital_48_2025.pdf,277576,
Primeira leva,93,Educação e saúde,UFCA – Técnico-Administrativos em Educação (Edital 01/2025),CE / universidade federal,2025,"Edital nº 01/2025/UFCA/CCV/UFC, de 10 de dezembro de 2025",https://documentos.ufca.edu.br/doc/progep-ufca-edital-no-1-ufca-ccv-ufc-concurso-publico-para-tecnico-administrativo-em-educacao-11-12-2025/,https://www.ufca.edu.br/admissao/concursos-e-selecoes/tecnicos-administrativos/efetivo/editais-vigentes/edital-no-1-ufca-ccv-ufc-concurso-publico-para-tecnico-administrativo-em-educacao/,093_UFCA_T_cnico_Administrativos_em_Educa_o_Edital_01_2025.pdf,370804,
Primeira leva,94,Educação e saúde,UFCA – Técnico-Administrativos em Educação (Edital 02/2025),CE / universidade federal,2025,"Edital nº 02/2025/UFCA/CCV/UFC, de 10 de dezembro de 2025",https://documentos.ufca.edu.br/doc/progep-ufca-edital-no-2-2025-ufca-ccv-ufc-concurso-publico-para-tecnico-administrativo-em-educacao-11-12-2025/,https://www.ufca.edu.br/admissao/concursos-e-selecoes/tecnicos-administrativos/efetivo/editais-vigentes/edital-no-2-ufca-ccv-ufc-concurso-publico-para-tecnico-administrativo-em-educacao/,094_UFCA_T_cnico_Administrativos_em_Educa_o_Edital_02_2025.pdf,306661,
Primeira leva,95,Educação e saúde,UFRJ – Técnico-Administrativos em Educação,RJ / universidade federal,2025,"Edital nº 1.188, de 9 de dezembro de 2025",https://anexos.cdn.selecao.net.br/uploads/746/concursos/64/anexos/1070e349-b968-4eb7-b40f-8ce039c9c695.pdf,https://concursos.pr4.ufrj.br/index.php/inicio/8-concursos/836-edital-n-1188-de-09-de-dezembro-de-2025,095_UFRJ_T_cnico_Administrativos_em_Educa_o.pdf,387931,
Primeira leva,96,Educação e saúde,UFBA – Concurso para Professor do Magistério Superior,BA / universidade federal,2024,Edital Docente nº 1/2024 (Edital de abertura),https://concursos.ufba.br/sites/concursos.ufba.br/files/docentes/edital_docente_1-2024_final_dou.pdf,https://concursos.ufba.br/docentes,096_UFBA_Concurso_para_Professor_do_Magist_rio_Superior.pdf,2230215,
Primeira leva,97,Educação e saúde,IFRN – Professor da Carreira do Magistério EBTT,RN / instituto federal,2025,"Edital nº 1/2025-RE/IFRN, de 15 de abril de 2025",https://portal.ifrn.edu.br/documents/20398/Edital_1_2025_concursodocente.pdf,https://portal.ifrn.edu.br/campus/reitoria/processos-seletivos-trabalhe-no-ifrn/edital-12025-reifrn/,097_IFRN_Professor_da_Carreira_do_Magist_rio_EBTT.pdf,337049,
Primeira leva,98,Educação e saúde,UFU – Concurso Técnico-Administrativo em Educação (Edital PROGEP nº 93/2024),MG / universidade federal,2024,"Edital PROGEP nº 93/2024, de 30 de agosto de 2024 – Concurso Público para Cargo Técnico-Administrativo em Educação",https://www.portalselecao.ufu.br/servicos/ArquivoAdministrativo/download/529d61de9a04a13e71dad539be290df4,https://www.portalselecao.ufu.br/servicos/Edital/cronograma/1521,098_UFU_Concurso_T_cnico_Administrativo_em_Educa_o_Edital_PROGEP_n_93_2024.pdf,1888020,
Primeira leva,99,Educação e saúde,IFAM – Técnico-Administrativos em Educação,AM / instituto federal,2025,"Edital nº 1, de 3 de fevereiro de 2025 – TAE",https://www2.ifam.edu.br/pro-reitorias/diretoria-de-gestao-de-pessoas/concursos-e-processos-seletivos/concurso-publico-tecnico-administrativo-em-educacao-tae/copy_of_edital-1-de-2022/EDITALN1DE3DEFEVEREIRODE2025TAEDOU.pdf,https://www2.ifam.edu.br/pro-reitorias/diretoria-de-gestao-de-pessoas/concursos-e-processos-seletivos/concurso-publico-tecnico-administrativo-em-educacao-tae/copy_of_edital-1-de-2022,099_IFAM_T_cnico_Administrativos_em_Educa_o.pdf,3217926,
Primeira leva,100,Educação e saúde,UFPB – Técnico-Administrativos em Educação,PB / universidade federal,2024,"Edital nº 134, de 04 de novembro de 2024",https://www.ufpb.br/progep/contents/concursos/tecnicos/edital-no-134-2024/Edital_UFPB_01.11%20-%20v2.pdf,https://www.ufpb.br/progep/contents/concursos/tecnicos/edital-no-134-2024,100_UFPB_T_cnico_Administrativos_em_Educa_o.pdf,2184265,
Segunda leva,1,Bancos e fiscal,BANCO_DO_NORDESTE_18,Estadual / regional,2018,Edital nº 1 - Abertura,https://cdn.cebraspe.org.br/concursos/BANCO_DO_NORDESTE_18/arquivos/ED_1_2018_BNB_18_Abertura.pdf,https://cdn.cebraspe.org.br/concursos/BANCO_DO_NORDESTE_18/,001_banco_do_nordeste_18.pdf,,/workspace/scratch/f9ed8430ccaa/second_source_pdfs/001_banco_do_nordeste_18.pdf
Segunda leva,2,Justiça e jurídico,IRBR_18_DIPLOMACIA,Estadual / regional,2018,Edital nº 1 - Abertura,https://cdn.cebraspe.org.br/concursos/IRBR_18_DIPLOMACIA/arquivos/IRBR_ED._N__1_ABERTURA.PDF,https://cdn.cebraspe.org.br/concursos/IRBR_18_DIPLOMACIA/,002_irbr_18_diplomacia.pdf,,/workspace/scratch/f9ed8430ccaa/second_source_pdfs/002_irbr_18_diplomacia.pdf
Segunda leva,3,Bancos e fiscal,SEFAZ_RS_18_AUDITOR,Estadual / regional,2018,Edital nº1 - Abertura,https://cdn.cebraspe.org.br/concursos/SEFAZ_RS_18_AUDITOR/arquivos/ED 1 2018 SEFAZ_RS_AUDITOR_18 - Abertura.pdf,https://cdn.cebraspe.org.br/concursos/SEFAZ_RS_18_AUDITOR/,003_sefaz_rs_18_auditor.pdf,,/workspace/scratch/f9ed8430ccaa/second_source_pdfs/003_sefaz_rs_18_auditor.pdf
Segunda leva,4,Justiça e jurídico,STJ_18,Brasil,2018,Edital n° 1 - Abertura,https://cdn.cebraspe.org.br/concursos/STJ_18/arquivos/EDITAL_DE_ABERTURA.PDF,https://cdn.cebraspe.org.br/concursos/STJ_18/,004_stj_18.pdf,,/workspace/scratch/f9ed8430ccaa/second_source_pdfs/004_stj_18.pdf
Segunda leva,5,Bancos e fiscal,TCE_MG_18,Estadual / regional,2018,Edital n. 1 - Abertura,https://cdn.cebraspe.org.br/concursos/TCE_MG_18/arquivos/ED_1_2018_TCE_MG_ABERTURA.PDF,https://cdn.cebraspe.org.br/concursos/TCE_MG_18/,005_tce_mg_18.pdf,,/workspace/scratch/f9ed8430ccaa/second_source_pdfs/005_tce_mg_18.pdf
Segunda leva,6,Polícia e militar,ABIN 2017,Brasil,2017,Edital n. 1 - Abertura,https://cdn.cebraspe.org.br/concursos/ABIN_17/arquivos/ED_1_2017_ABIN_17_ABT.PDF,https://cdn.cebraspe.org.br/concursos/ABIN_17/,006_abin_2017.pdf,,/workspace/scratch/f9ed8430ccaa/second_source_pdfs/006_abin_2017.pdf
Segunda leva,7,Justiça e jurídico,DPU_17_DEFENSOR,Brasil,2017,Edital n. 1 - Abertura,https://cdn.cebraspe.org.br/concursos/DPU_17_DEFENSOR/arquivos/Ed 1 2017 DPU 17 Defensor - abertura.PDF,https://cdn.cebraspe.org.br/concursos/DPU_17_DEFENSOR/,007_dpu_17_defensor.pdf,,/workspace/scratch/f9ed8430ccaa/second_source_pdfs/007_dpu_17_defensor.pdf
Segunda leva,8,Justiça e jurídico,IRBR_17_DIPLOMACIA,Estadual / regional,2017,Edital n. 1 - Abertura,https://cdn.cebraspe.org.br/concursos/IRBR_17_DIPLOMACIA/arquivos/IRBR_ED._1_ABERTURA.PDF,https://cdn.cebraspe.org.br/concursos/IRBR_17_DIPLOMACIA/,008_irbr_17_diplomacia.pdf,,/workspace/scratch/f9ed8430ccaa/second_source_pdfs/008_irbr_17_diplomacia.pdf
Segunda leva,9,Polícia e militar,PC/MA DELEGADO 2017,Estadual / regional,2017,Edital n. 1 - Abertura,https://cdn.cebraspe.org.br/concursos/PC_MA_17_DELEGADO/arquivos/ED_1_2017_PC_MA_17_DELEGADO_ABERTURA.PDF,https://cdn.cebraspe.org.br/concursos/PC_MA_17_DELEGADO/,009_pc_ma_delegado_2017.pdf,,/workspace/scratch/f9ed8430ccaa/second_source_pdfs/009_pc_ma_delegado_2017.pdf
Segunda leva,10,Educação e saúde,SEDUC/AL 2017,Estadual / regional,2017,Edital n. 1 - Abertura,https://cdn.cebraspe.org.br/concursos/SEDUC_AL_17/arquivos/ED_1_2017_SEDUC_AL_17___ABERTURA_FINAL.PDF,https://cdn.cebraspe.org.br/concursos/SEDUC_AL_17/,010_seduc_al_2017.pdf,,/workspace/scratch/f9ed8430ccaa/second_source_pdfs/010_seduc_al_2017.pdf
Segunda leva,11,Bancos e fiscal,SEFAZ_RS_17,Estadual / regional,2017,Edital n. 1 - Abertura,https://cdn.cebraspe.org.br/concursos/SEFAZ_RS_17/arquivos/ED_1_2017_SEFAZ_RS_17___ABERTURA.PDF,https://cdn.cebraspe.org.br/concursos/SEFAZ_RS_17/,011_sefaz_rs_17.pdf,,/workspace/scratch/f9ed8430ccaa/second_source_pdfs/011_sefaz_rs_17.pdf
Segunda leva,12,Justiça e jurídico,STM_17_ANALISTA_TECNICO,Estadual / regional,2017,Edital n° 1 - Abertura,https://cdn.cebraspe.org.br/concursos/STM_17_ANALISTA_TECNICO/arquivos/ED_1_STM_ANALISTA_E_T__CNICO_2017___ABT.PDF,https://cdn.cebraspe.org.br/concursos/STM_17_ANALISTA_TECNICO/,012_stm_17_analista_tecnico.pdf,,/workspace/scratch/f9ed8430ccaa/second_source_pdfs/012_stm_17_analista_tecnico.pdf
Segunda leva,13,Bancos e fiscal,TCE_PB_17,Estadual / regional,2017,Edital n. 1 - Abertura,https://cdn.cebraspe.org.br/concursos/TCE_PB_17/arquivos/ED_1_2017_TCE_PB_17_ABERTURA.PDF,https://cdn.cebraspe.org.br/concursos/TCE_PB_17/,013_tce_pb_17.pdf,,/workspace/scratch/f9ed8430ccaa/second_source_pdfs/013_tce_pb_17.pdf
Segunda leva,14,Bancos e fiscal,TCE_PE_17,Estadual / regional,2017,Edital n. 1 - Abertura,https://cdn.cebraspe.org.br/concursos/TCE_PE_17/arquivos/ED_1_TCE_PE_2017_ABT.PDF,https://cdn.cebraspe.org.br/concursos/TCE_PE_17/,014_tce_pe_17.pdf,,/workspace/scratch/f9ed8430ccaa/second_source_pdfs/014_tce_pe_17.pdf
Segunda leva,15,Justiça e jurídico,TRE_BA_17,Estadual / regional,2017,Edital n. 1 - Abertura,https://cdn.cebraspe.org.br/concursos/TRE_BA_17/arquivos/TRE_BA_2017_ED._1_ABT.PDF,https://cdn.cebraspe.org.br/concursos/TRE_BA_17/,015_tre_ba_17.pdf,,/workspace/scratch/f9ed8430ccaa/second_source_pdfs/015_tre_ba_17.pdf
Segunda leva,16,Justiça e jurídico,TRF1_17_SERVIDOR,Estadual / regional,2017,Edital n. 1 - Abertura,https://cdn.cebraspe.org.br/concursos/TRF1_17_SERVIDOR/arquivos/ED_1_2017_TRF_1__REGI__O_17_ABERTURA.PDF,https://cdn.cebraspe.org.br/concursos/TRF1_17_SERVIDOR/,016_trf1_17_servidor.pdf,,/workspace/scratch/f9ed8430ccaa/second_source_pdfs/016_trf1_17_servidor.pdf
Segunda leva,17,Justiça e jurídico,TRF5_17_JUIZ,Estadual / regional,2017,Edital n° 1 - Abertura,https://cdn.cebraspe.org.br/concursos/TRF5_17_JUIZ/arquivos/ED_1_2017_TRF_5___JUIZ_17___ABERTURA.PDF,https://cdn.cebraspe.org.br/concursos/TRF5_17_JUIZ/,017_trf5_17_juiz.pdf,,/workspace/scratch/f9ed8430ccaa/second_source_pdfs/017_trf5_17_juiz.pdf
Segunda leva,18,Justiça e jurídico,TRT7_17_ANALISTA_TECNICO,Estadual / regional,2017,Edital n. 1 - Abertura,https://cdn.cebraspe.org.br/concursos/TRT7_17_ANALISTA_TECNICO/arquivos/ED_1_2017_TRT7_17_ANALISTA_TECNICO_ABT.PDF,https://cdn.cebraspe.org.br/concursos/TRT7_17_ANALISTA_TECNICO/,018_trt7_17_analista_tecnico.pdf,,/workspace/scratch/f9ed8430ccaa/second_source_pdfs/018_trt7_17_analista_tecnico.pdf
Segunda leva,19,Polícia e militar,SDS/PE 16 - Polícia Científica,Estadual / regional,2016,Edital n. 1 - Abertura,https://cdn.cebraspe.org.br/concursos/SDS_PE_16_CIENTIFICA/arquivos/ED_1_2016_SDS_PE_16_CIENTIFICA_ABT.PDF,https://cdn.cebraspe.org.br/concursos/SDS_PE_16_CIENTIFICA/,019_sds_pe_16_policia_cientifica.pdf,,/workspace/scratch/f9ed8430ccaa/second_source_pdfs/019_sds_pe_16_policia_cientifica.pdf
Segunda leva,20,Polícia e militar,SDS/PE 16 - Polícia Civil,Estadual / regional,2016,Edital n. 1 - Abertura,https://cdn.cebraspe.org.br/concursos/SDS_PE_16_CIVIL/arquivos/ED_1_2016_SDS_PE_16_CIVIL_ABT.PDF,https://cdn.cebraspe.org.br/concursos/SDS_PE_16_CIVIL/,020_sds_pe_16_policia_civil.pdf,,/workspace/scratch/f9ed8430ccaa/second_source_pdfs/020_sds_pe_16_policia_civil.pdf
Segunda leva,21,Bancos e fiscal,TCE/PA 2016,Estadual / regional,2016,Edital n° 1 - Abertura,https://cdn.cebraspe.org.br/concursos/TCE_PA_16/arquivos/ED_1_2016_TCE_PA_ABT.PDF,https://cdn.cebraspe.org.br/concursos/TCE_PA_16/,021_tce_pa_2016.pdf,,/workspace/scratch/f9ed8430ccaa/second_source_pdfs/021_tce_pa_2016.pdf
Segunda leva,22,Justiça e jurídico,TRE/PE 2016,Estadual / regional,2016,Edital n° 1 - Abertura,https://cdn.cebraspe.org.br/concursos/TRE_PE_16/arquivos/ED_1_TRE_PE_2016___ABT.PDF,https://cdn.cebraspe.org.br/concursos/TRE_PE_16/,022_tre_pe_2016.pdf,,/workspace/scratch/f9ed8430ccaa/second_source_pdfs/022_tre_pe_2016.pdf
Segunda leva,23,Justiça e jurídico,TRT162005,Estadual / regional,2016,Edital nº 1 - Abertura,https://cdn.cebraspe.org.br/concursos/_antigos/2005/TRT162005/arquivos/ED_2005_TRT_MA_16_ABT.PDF,https://cdn.cebraspe.org.br/concursos/_antigos/2005/TRT162005/,023_trt162005.pdf,,/workspace/scratch/f9ed8430ccaa/second_source_pdfs/023_trt162005.pdf
Segunda leva,24,Polícia e militar,DEPEN 2015,Estadual / regional,2015,Edital n° 1 - Abertura,https://cdn.cebraspe.org.br/concursos/DEPEN_15/arquivos/ED_1_2015_DEPEN_15_ABT.PDF,https://cdn.cebraspe.org.br/concursos/DEPEN_15/,024_depen_2015.pdf,,/workspace/scratch/f9ed8430ccaa/second_source_pdfs/024_depen_2015.pdf
Segunda leva,25,Bancos e fiscal,TCE/RN 2015 - Auditor,Estadual / regional,2015,Edital n. 1 - Abertura,https://cdn.cebraspe.org.br/concursos/TC_RN_15_AUDITOR/arquivos/TCRN_AUDITOR_2015___ED_DE_ABERTURA.PDF,https://cdn.cebraspe.org.br/concursos/TC_RN_15_AUDITOR/,025_tce_rn_2015_auditor.pdf,,/workspace/scratch/f9ed8430ccaa/second_source_pdfs/025_tce_rn_2015_auditor.pdf
Segunda leva,26,Justiça e jurídico,TRE/RS - 2015,Estadual / regional,2015,Edital n° 1 - Abertura,https://cdn.cebraspe.org.br/concursos/TRE_RS_15/arquivos/TRE_RS_2015___ED_1___ABERTURA.PDF,https://cdn.cebraspe.org.br/concursos/TRE_RS_15/,026_tre_rs_2015.pdf,,/workspace/scratch/f9ed8430ccaa/second_source_pdfs/026_tre_rs_2015.pdf
Segunda leva,27,Justiça e jurídico,CÂMARA DOS DEPUTADOS 2014 Analista e Técnico Legislativo,Brasil,2014,Edital n° 1 - Abertura,https://cdn.cebraspe.org.br/concursos/CD_14_AT/arquivos/ED_1_2014_CAMARA_DOS_DEPUTADOS_14_ABERTURA.PDF,https://cdn.cebraspe.org.br/concursos/CD_14_AT/,027_camara_dos_deputados_2014_analista_e_tecnico_legislativo.pdf,,/workspace/scratch/f9ed8430ccaa/second_source_pdfs/027_camara_dos_deputados_2014_analista_e_tecnico_legislativo.pdf
Segunda leva,28,Justiça e jurídico,IRBR 2014 DIPLOMACIA,Estadual / regional,2014,Edital n° 1 - Abertura,https://cdn.cebraspe.org.br/concursos/IRBR_14_DIPLOMACIA/arquivos/ED__1_IRBR_DIPLOMATA_2014.PDF,https://cdn.cebraspe.org.br/concursos/IRBR_14_DIPLOMACIA/,028_irbr_2014_diplomacia.pdf,,/workspace/scratch/f9ed8430ccaa/second_source_pdfs/028_irbr_2014_diplomacia.pdf
Segunda leva,29,Polícia e militar,DEPEN 2013,Estadual / regional,2013,Edital n° 1 - Abertura,https://cdn.cebraspe.org.br/concursos/DEPEN_13/arquivos/ED_1_2013_DEPEN_13_ABERTURA.PDF,https://cdn.cebraspe.org.br/concursos/DEPEN_13/,029_depen_2013.pdf,,/workspace/scratch/f9ed8430ccaa/second_source_pdfs/029_depen_2013.pdf
Segunda leva,30,Polícia e militar,DPF 2013 Administrativo,Estadual / regional,2013,Edital n° 28 - Abertura,https://cdn.cebraspe.org.br/concursos/DPF_13_ADMINISTRATIVO/arquivos/ED_1_2013_DPF_ADMINISTRATIVO___ABERTURA.PDF,https://cdn.cebraspe.org.br/concursos/DPF_13_ADMINISTRATIVO/,030_dpf_2013_administrativo.pdf,,/workspace/scratch/f9ed8430ccaa/second_source_pdfs/030_dpf_2013_administrativo.pdf
Segunda leva,31,Polícia e militar,DPRF 2013,Estadual / regional,2013,Edital n° 1 - Abertura,https://cdn.cebraspe.org.br/concursos/DPRF_13/arquivos/ED_1_DPRF_AGENTE_2013_ABERTURA.PDF,https://cdn.cebraspe.org.br/concursos/DPRF_13/,031_dprf_2013.pdf,,/workspace/scratch/f9ed8430ccaa/second_source_pdfs/031_dprf_2013.pdf
Segunda leva,32,Justiça e jurídico,IRBR 2013 DIPLOMACIA,Estadual / regional,2013,Edital n° 1 - Abertura,https://cdn.cebraspe.org.br/concursos/IRBR_13_DIPLOMACIA/arquivos/ED._1_IRBR_DIPLOMATA_2013.PDF,https://cdn.cebraspe.org.br/concursos/IRBR_13_DIPLOMACIA/,032_irbr_2013_diplomacia.pdf,,/workspace/scratch/f9ed8430ccaa/second_source_pdfs/032_irbr_2013_diplomacia.pdf
Segunda leva,33,Justiça e jurídico,MPU 2013,Brasil,2013,Edital n°1 - Abertura,https://cdn.cebraspe.org.br/concursos/MPU_13/arquivos/ED_1_2013_MPU_13_ABT.PDF,https://cdn.cebraspe.org.br/concursos/MPU_13/,033_mpu_2013.pdf,,/workspace/scratch/f9ed8430ccaa/second_source_pdfs/033_mpu_2013.pdf
Segunda leva,34,Justiça e jurídico,MPU 2013/2,Brasil,2013,Edital n°1 - Abertura,https://cdn.cebraspe.org.br/concursos/MPU_13_2/arquivos/ED_1_2013_MPU_13_2_ABERTURA.PDF,https://cdn.cebraspe.org.br/concursos/MPU_13_2/,034_mpu_2013_2.pdf,,/workspace/scratch/f9ed8430ccaa/second_source_pdfs/034_mpu_2013_2.pdf
Segunda leva,35,Polícia e militar,PC/DF AGENTE 2013,Estadual / regional,2013,Edital n° 1 - Abertura,https://cdn.cebraspe.org.br/concursos/PC_DF_13_AGENTE/arquivos/ED_1_2013_PCDF_AGENTE_13_ABT.PDF,https://cdn.cebraspe.org.br/concursos/PC_DF_13_AGENTE/,035_pc_df_agente_2013.pdf,,/workspace/scratch/f9ed8430ccaa/second_source_pdfs/035_pc_df_agente_2013.pdf
Segunda leva,36,Bancos e fiscal,TCE/ES 2013 ANALISTA,Estadual / regional,2013,Edital n° 1 - Abertura,https://cdn.cebraspe.org.br/concursos/TCE_ES_13_ANALISTA/arquivos/EDITAL__DE_ABERTURA_N___1_TCE_ES.PDF,https://cdn.cebraspe.org.br/concursos/TCE_ES_13_ANALISTA/,036_tce_es_2013_analista.pdf,,/workspace/scratch/f9ed8430ccaa/second_source_pdfs/036_tce_es_2013_analista.pdf
Segunda leva,37,Bancos e fiscal,TCE/PB 2013,Estadual / regional,2013,Edital n° 1 - Abertura,https://cdn.cebraspe.org.br/concursos/TCE_PB_13/arquivos/ED_1_2013_TCE_PB_13_ABERTURA.PDF,https://cdn.cebraspe.org.br/concursos/TCE_PB_13/,037_tce_pb_2013.pdf,,/workspace/scratch/f9ed8430ccaa/second_source_pdfs/037_tce_pb_2013.pdf
Segunda leva,38,Bancos e fiscal,TCE/RO 2013,Estadual / regional,2013,Edital n° 1 - Abertura,https://cdn.cebraspe.org.br/concursos/TCE_RO_13/arquivos/ED__1_TCE_RO_ABT.PDF,https://cdn.cebraspe.org.br/concursos/TCE_RO_13/,038_tce_ro_2013.pdf,,/workspace/scratch/f9ed8430ccaa/second_source_pdfs/038_tce_ro_2013.pdf
Segunda leva,39,Bancos e fiscal,TCE/RS OFICIAL 2013,Estadual / regional,2013,Edital n° 1 - Abertura,https://cdn.cebraspe.org.br/concursos/TCE_RS_13_OFICIAL/arquivos/TCE_RS_EDITAL_DE_ABERTURA.PDF,https://cdn.cebraspe.org.br/concursos/TCE_RS_13_OFICIAL/,039_tce_rs_oficial_2013.pdf,,/workspace/scratch/f9ed8430ccaa/second_source_pdfs/039_tce_rs_oficial_2013.pdf
Segunda leva,40,Justiça e jurídico,TJDFT 13 JUIZ,Estadual / regional,2013,Edital n° 1 - Abertura,https://cdn.cebraspe.org.br/concursos/TJDFT_13_JUIZ/arquivos/ED_1_2013_TJDFT_13_ABERTURA.PDF,https://cdn.cebraspe.org.br/concursos/TJDFT_13_JUIZ/,040_tjdft_13_juiz.pdf,,/workspace/scratch/f9ed8430ccaa/second_source_pdfs/040_tjdft_13_juiz.pdf
Segunda leva,41,Justiça e jurídico,TJDFT 2013,Estadual / regional,2013,Edital n° 1 - Abertura,https://cdn.cebraspe.org.br/concursos/TJDFT_13/arquivos/ED._1_TJDFT_ED._ABT.PDF,https://cdn.cebraspe.org.br/concursos/TJDFT_13/,041_tjdft_2013.pdf,,/workspace/scratch/f9ed8430ccaa/second_source_pdfs/041_tjdft_2013.pdf
Segunda leva,42,Justiça e jurídico,TJDFT NOTÁRIOS 2013,Estadual / regional,2013,Edital n° 1 - Abertura,https://cdn.cebraspe.org.br/concursos/TJDFT_13_NOTARIOS/arquivos/ED_1_2013_TJDFT_NOTARIOS_13_ABERTURA.PDF,https://cdn.cebraspe.org.br/concursos/TJDFT_13_NOTARIOS/,042_tjdft_notarios_2013.pdf,,/workspace/scratch/f9ed8430ccaa/second_source_pdfs/042_tjdft_notarios_2013.pdf
Segunda leva,43,Justiça e jurídico,TRF 1ª Região 2013,Estadual / regional,2013,Edital n° 1 - Abertura,https://cdn.cebraspe.org.br/concursos/TRF1_13_JUIZ/arquivos/EDITAL_N___1___TRF_1___REGI__O__NOVO.PDF,https://cdn.cebraspe.org.br/concursos/TRF1_13_JUIZ/,043_trf_1a_regiao_2013.pdf,,/workspace/scratch/f9ed8430ccaa/second_source_pdfs/043_trf_1a_regiao_2013.pdf
Segunda leva,44,Justiça e jurídico,TRT 17 2013,Estadual / regional,2013,Edital n° 1 - Abertura,https://cdn.cebraspe.org.br/concursos/TRT17_13/arquivos/ED_ABT_TRT_17___ABT.PDF,https://cdn.cebraspe.org.br/concursos/TRT17_13/,044_trt_17_2013.pdf,,/workspace/scratch/f9ed8430ccaa/second_source_pdfs/044_trt_17_2013.pdf
Segunda leva,45,Justiça e jurídico,TRT8 2013,Estadual / regional,2013,Edital n° 1 - Abertura,https://cdn.cebraspe.org.br/concursos/TRT8_13/arquivos/EDITAL_N___1_TRT_8___REGI__O___ABT.PDF,https://cdn.cebraspe.org.br/concursos/TRT8_13/,045_trt8_2013.pdf,,/workspace/scratch/f9ed8430ccaa/second_source_pdfs/045_trt8_2013.pdf
Segunda leva,46,Bancos e fiscal,BANCO DA AMAZÔNIA 2012,Estadual / regional,2012,Edital n°1 - Abertura,https://cdn.cebraspe.org.br/concursos/BANCO_DA_AMAZONIA_12/arquivos/ED_1_2012_BANCO_DA_AMAZONIA___ABERTURA.PDF,https://cdn.cebraspe.org.br/concursos/BANCO_DA_AMAZONIA_12/,046_banco_da_amazonia_2012.pdf,,/workspace/scratch/f9ed8430ccaa/second_source_pdfs/046_banco_da_amazonia_2012.pdf
Segunda leva,47,Justiça e jurídico,CÂMARA DOS DEPUTADOS 2012,Brasil,2012,Edital n°1 - Abertura.,https://cdn.cebraspe.org.br/concursos/CAMARA2012/arquivos/ED__N_1_2012___CMARA_ABERTURA.PDF,https://cdn.cebraspe.org.br/concursos/CAMARA2012/,047_camara_dos_deputados_2012.pdf,,/workspace/scratch/f9ed8430ccaa/second_source_pdfs/047_camara_dos_deputados_2012.pdf
Segunda leva,48,Polícia e militar,DPF AGENTE 2012,Estadual / regional,2012,Edital n° 1 - Abertura,https://cdn.cebraspe.org.br/concursos/DPF_12_AGENTE/arquivos/ED_1_2012_DPF_AGENTE_ABT.DOCX.PDF,https://cdn.cebraspe.org.br/concursos/DPF_12_AGENTE/,048_dpf_agente_2012.pdf,,/workspace/scratch/f9ed8430ccaa/second_source_pdfs/048_dpf_agente_2012.pdf
Segunda leva,49,Polícia e militar,DPRF 2012 ADMINISTRATIVO,Estadual / regional,2012,Edital n°1 - Abertura,https://cdn.cebraspe.org.br/concursos/DPRF_12_ADMINISTRATIVO/arquivos/ED_1_2012_DPRF_ADM_ABT.PDF,https://cdn.cebraspe.org.br/concursos/DPRF_12_ADMINISTRATIVO/,049_dprf_2012_administrativo.pdf,,/workspace/scratch/f9ed8430ccaa/second_source_pdfs/049_dprf_2012_administrativo.pdf
Segunda leva,50,Justiça e jurídico,IRBr Diplomacia 2012,Estadual / regional,2012,Edital n°1 - Edital de abertura.,https://cdn.cebraspe.org.br/concursos/DIPLOMACIA2012/arquivos/ED_1_CACD_2012_ABT_FINAL.PDF,https://cdn.cebraspe.org.br/concursos/DIPLOMACIA2012/,050_irbr_diplomacia_2012.pdf,,/workspace/scratch/f9ed8430ccaa/second_source_pdfs/050_irbr_diplomacia_2012.pdf
Segunda leva,51,Polícia e militar,PC/AL 2012,Estadual / regional,2012,Edital n° 1 - Edital de Abertura.,https://cdn.cebraspe.org.br/concursos/PC_AL_12/arquivos/EDITAL_N__1___EDITAL_DE_ABERTURA.PDF,https://cdn.cebraspe.org.br/concursos/PC_AL_12/,051_pc_al_2012.pdf,,/workspace/scratch/f9ed8430ccaa/second_source_pdfs/051_pc_al_2012.pdf
Segunda leva,52,Educação e saúde,SEDU/ES 2012 PROFESSOR,Estadual / regional,2012,Edital n° 1 - Edital de Abertura.,https://cdn.cebraspe.org.br/concursos/SEDU_ES_12_PROFESSOR/arquivos/ED__54_2012_SEDU___ES_PROFESSOR_ABT.PDF,https://cdn.cebraspe.org.br/concursos/SEDU_ES_12_PROFESSOR/,052_sedu_es_2012_professor.pdf,,/workspace/scratch/f9ed8430ccaa/second_source_pdfs/052_sedu_es_2012_professor.pdf
Segunda leva,53,Justiça e jurídico,STJ 2012,Brasil,2012,Edital n° 1 - Abertura,https://cdn.cebraspe.org.br/concursos/STJ2012/arquivos/ED_N_1_ABERTURA_STJ_2012_ABERTURA_FINAL.PDF,https://cdn.cebraspe.org.br/concursos/STJ2012/,053_stj_2012.pdf,,/workspace/scratch/f9ed8430ccaa/second_source_pdfs/053_stj_2012.pdf
Segunda leva,54,Justiça e jurídico,STM 2012,Estadual / regional,2012,"Edital n° 5 - Reabertura do período para impugnação ao Edital n° 1  STM, de 16 de novembro de 2012",https://cdn.cebraspe.org.br/concursos/STM_12/arquivos/ED_5_STM_2012_RET_PERIODO_IMPUGNACAO.PDF,https://cdn.cebraspe.org.br/concursos/STM_12/,054_stm_2012.pdf,,/workspace/scratch/f9ed8430ccaa/second_source_pdfs/054_stm_2012.pdf
Segunda leva,55,Bancos e fiscal,TCDF Procurador 2012,Estadual / regional,2012,Edital n°1 - Abertura,https://cdn.cebraspe.org.br/concursos/tcdfprocurador2012/arquivos/ED_1_TCDF___PROCURADOR___ABERTURA_FINAL_2.PDF,https://cdn.cebraspe.org.br/concursos/tcdfprocurador2012/,055_tcdf_procurador_2012.pdf,,/workspace/scratch/f9ed8430ccaa/second_source_pdfs/055_tcdf_procurador_2012.pdf
Segunda leva,56,Bancos e fiscal,TCE/ES 2012 Auditor,Estadual / regional,2012,Edital n°1 - Edital de Abertura.,https://cdn.cebraspe.org.br/concursos/TCE_ES_12_Auditor/arquivos/ED_1_2012_TCEES__AUDITOR_ABT_1.PDF,https://cdn.cebraspe.org.br/concursos/TCE_ES_12_Auditor/,056_tce_es_2012_auditor.pdf,,/workspace/scratch/f9ed8430ccaa/second_source_pdfs/056_tce_es_2012_auditor.pdf
Segunda leva,57,Justiça e jurídico,TJ/BA JUIZ 2012,Estadual / regional,2012,Edital n° 1 - Abertura,https://cdn.cebraspe.org.br/concursos/TJBA_JUIZ2012/arquivos/ED_1_TJBA__ABERTURA.PDF,https://cdn.cebraspe.org.br/concursos/TJBA_JUIZ2012/,057_tj_ba_juiz_2012.pdf,,/workspace/scratch/f9ed8430ccaa/second_source_pdfs/057_tj_ba_juiz_2012.pdf
Segunda leva,58,Justiça e jurídico,TJ/RN 2012,Estadual / regional,2012,Edital n° 1 - Abertura,https://cdn.cebraspe.org.br/concursos/TJRN_12/arquivos/ED_1_2012_TJRN_ABT_PUBLICADO.PDF,https://cdn.cebraspe.org.br/concursos/TJRN_12/,058_tj_rn_2012.pdf,,/workspace/scratch/f9ed8430ccaa/second_source_pdfs/058_tj_rn_2012.pdf
Segunda leva,59,Justiça e jurídico,TRE/MS 2012,Estadual / regional,2012,Edital n°1 - Edital de Abertura,https://cdn.cebraspe.org.br/concursos/TRE_MS_12/arquivos/ED__1_2012_TRE_MS_ABT.PDF,https://cdn.cebraspe.org.br/concursos/TRE_MS_12/,059_tre_ms_2012.pdf,,/workspace/scratch/f9ed8430ccaa/second_source_pdfs/059_tre_ms_2012.pdf
Segunda leva,60,Justiça e jurídico,TRE/RJ 2012,Estadual / regional,2012,Edital n° 1 - Abertura,https://cdn.cebraspe.org.br/concursos/TRE_RJ_12/arquivos/ED_1_ABERTURA_TRE_RJ_2012.PDF,https://cdn.cebraspe.org.br/concursos/TRE_RJ_12/,060_tre_rj_2012.pdf,,/workspace/scratch/f9ed8430ccaa/second_source_pdfs/060_tre_rj_2012.pdf
Segunda leva,61,Justiça e jurídico,TRF5 2012 JUIZ,Estadual / regional,2012,Edital n°1 - Abertura,https://cdn.cebraspe.org.br/concursos/TRF5_12_JUIZ/arquivos/ED_1_2012_TRF5_ABT_4_10_FINAL___DEFINITIVO___EDITAL_DE_ABERTURA___04.10.2012___1715.PDF,https://cdn.cebraspe.org.br/concursos/TRF5_12_JUIZ/,061_trf5_2012_juiz.pdf,,/workspace/scratch/f9ed8430ccaa/second_source_pdfs/061_trf5_2012_juiz.pdf
Segunda leva,62,Justiça e jurídico,TRT 10ª REGIÃO 2012,Estadual / regional,2012,Edital n°1 - Abertura,https://cdn.cebraspe.org.br/concursos/TRT10_12/arquivos/ED_1_2012_TRT_10___ABT.PDF,https://cdn.cebraspe.org.br/concursos/TRT10_12/,062_trt_10a_regiao_2012.pdf,,/workspace/scratch/f9ed8430ccaa/second_source_pdfs/062_trt_10a_regiao_2012.pdf
Segunda leva,63,Federal e administração,CBM DF QOBM_S / QOBM_Compl. 2011,Estadual / regional,2011,Edital n° 1 - Abertura (atualizado conforme publicação no DODF),https://cdn.cebraspe.org.br/concursos/CBMDFCOMPLEMENTAR_SAUDE2011/arquivos/ED_1_2011_CBM_DF___COMPL__E_SADE_ABERTURA_FINAL_ATUALIZADO.PDF,https://cdn.cebraspe.org.br/concursos/CBMDFCOMPLEMENTAR_SAUDE2011/,063_cbm_df_qobm_s_qobm_compl_2011.pdf,,/workspace/scratch/f9ed8430ccaa/second_source_pdfs/063_cbm_df_qobm_s_qobm_compl_2011.pdf
Segunda leva,64,Polícia e militar,PC/CE INSPETOR 2011,Estadual / regional,2011,Edital n°1 - Abertura,https://cdn.cebraspe.org.br/concursos/PCCE_INSPETOR2011/arquivos/ED_01_PCCE_INSPERTOR_ABT.PDF,https://cdn.cebraspe.org.br/concursos/PCCE_INSPETOR2011/,064_pc_ce_inspetor_2011.pdf,,/workspace/scratch/f9ed8430ccaa/second_source_pdfs/064_pc_ce_inspetor_2011.pdf
Segunda leva,65,Polícia e militar,PM/CE 2011,Estadual / regional,2011,Edital n°1 - Abertura,https://cdn.cebraspe.org.br/concursos/PMCE2011/arquivos/ED_01_PMCE_ABT.PDF,https://cdn.cebraspe.org.br/concursos/PMCE2011/,065_pm_ce_2011.pdf,,/workspace/scratch/f9ed8430ccaa/second_source_pdfs/065_pm_ce_2011.pdf
Segunda leva,66,Educação e saúde,SEDUC/AM 2011,Estadual / regional,2011,Edital n° 1 - Abertura,https://cdn.cebraspe.org.br/concursos/SEDUC_AM2011/arquivos/ED_1_2011_SEDUC_AM_ABERTURA.PDF,https://cdn.cebraspe.org.br/concursos/SEDUC_AM2011/,066_seduc_am_2011.pdf,,/workspace/scratch/f9ed8430ccaa/second_source_pdfs/066_seduc_am_2011.pdf
Segunda leva,67,Federal e administração,TC/DF 2011,Estadual / regional,2011,Edital n° 1 - Abertura,https://cdn.cebraspe.org.br/concursos/TCDF_2011/arquivos/EDITAL_N_1_DE_ABT_TCDF.PDF,https://cdn.cebraspe.org.br/concursos/TCDF_2011/,067_tc_df_2011.pdf,,/workspace/scratch/f9ed8430ccaa/second_source_pdfs/067_tc_df_2011.pdf
Segunda leva,68,Justiça e jurídico,TRF 2.ª REGIÃO - JUIZ 2011,Estadual / regional,2011,Edital n°1 - Abertura,https://cdn.cebraspe.org.br/concursos/TRF2JUIZ2011/arquivos/EDITAL_2011__PARA_PUBLICAO.PDF,https://cdn.cebraspe.org.br/concursos/TRF2JUIZ2011/,068_trf_2_a_regiao_juiz_2011.pdf,,/workspace/scratch/f9ed8430ccaa/second_source_pdfs/068_trf_2_a_regiao_juiz_2011.pdf
Segunda leva,69,Justiça e jurídico,TRF 3ª Região 2011,Estadual / regional,2011,Edital n°1 - Abertura,https://cdn.cebraspe.org.br/concursos/trf3juiz2011/arquivos/ED_1_2011_TRF_3_ABERTURA.PDF,https://cdn.cebraspe.org.br/concursos/trf3juiz2011/,069_trf_3a_regiao_2011.pdf,,/workspace/scratch/f9ed8430ccaa/second_source_pdfs/069_trf_3a_regiao_2011.pdf
Segunda leva,70,Justiça e jurídico,TRF 5.ª REGIÃO - JUIZ 2011,Estadual / regional,2011,Edital n°1 - ABERTURA,https://cdn.cebraspe.org.br/concursos/TRF5JUIZ2011/arquivos/ED_1_2011_TRF_5A_REGIAO___EDITAL_DE_ABERTURA___DEFINITIVO___25.02.2011.PDF,https://cdn.cebraspe.org.br/concursos/TRF5JUIZ2011/,070_trf_5_a_regiao_juiz_2011.pdf,,/workspace/scratch/f9ed8430ccaa/second_source_pdfs/070_trf_5_a_regiao_juiz_2011.pdf
Segunda leva,71,Justiça e jurídico,AGU/Administrativo 2010,Brasil,2010,Edital n°1 - ABERTURA,https://cdn.cebraspe.org.br/concursos/AGU_ADM2010/arquivos/AGU_ADM_2010_ED_1_ABT_FINAL___28.04.2010.PDF,https://cdn.cebraspe.org.br/concursos/AGU_ADM2010/,071_agu_administrativo_2010.pdf,,/workspace/scratch/f9ed8430ccaa/second_source_pdfs/071_agu_administrativo_2010.pdf
Segunda leva,72,Justiça e jurídico,AGU/PROCURADOR 2010,Brasil,2010,Edital n°1 - Abertura,https://cdn.cebraspe.org.br/concursos/AGUPGF2010/arquivos/ED_1_2010_AGU_PROCURADOR_ABERTURA_FINAL.PDF,https://cdn.cebraspe.org.br/concursos/AGUPGF2010/,072_agu_procurador_2010.pdf,,/workspace/scratch/f9ed8430ccaa/second_source_pdfs/072_agu_procurador_2010.pdf
Segunda leva,73,Bancos e fiscal,CAIXA Nível Médio Nacional,Brasil,2010,Edital n° 1 - Abertura,https://cdn.cebraspe.org.br/concursos/caixanm22010/arquivos/ED_1_2010_TBN_NACIONAL_ABT_FINAL_12.03.2010.PDF,https://cdn.cebraspe.org.br/concursos/caixanm22010/,073_caixa_nivel_medio_nacional.pdf,,/workspace/scratch/f9ed8430ccaa/second_source_pdfs/073_caixa_nivel_medio_nacional.pdf
Segunda leva,74,Justiça e jurídico,DPU 2010 ADMINISTRATIVO,Brasil,2010,Edital n° 1 - Abertura,https://cdn.cebraspe.org.br/concursos/DPU_ADMINISTRATIVO2010/arquivos/ED_1_2010_DPU___ADMINISTRATIVO_ABERTURA_30.03.2010.PDF,https://cdn.cebraspe.org.br/concursos/DPU_ADMINISTRATIVO2010/,074_dpu_2010_administrativo.pdf,,/workspace/scratch/f9ed8430ccaa/second_source_pdfs/074_dpu_2010_administrativo.pdf
Segunda leva,75,Federal e administração,INSS 2010 MÉDICO,Brasil,2010,Edital n°1 - Abertura,https://cdn.cebraspe.org.br/concursos/INSSMEDICO2010/arquivos/EDITAL_N__1___INSS__20100113_PERITO_MEDICO_PREVIDENCIARIO_PARA_CESPE.PDF,https://cdn.cebraspe.org.br/concursos/INSSMEDICO2010/,075_inss_2010_medico.pdf,,/workspace/scratch/f9ed8430ccaa/second_source_pdfs/075_inss_2010_medico.pdf
Segunda leva,76,Justiça e jurídico,MPU 2010,Brasil,2010,Edital n°1 - Abertura,https://cdn.cebraspe.org.br/concursos/MPU2010/arquivos/ED_1_2010_MPU_30_6_FINAL_SEM_O_CONTEDO___VER_OBSERVAO_FINAL___06.07.2010.PDF,https://cdn.cebraspe.org.br/concursos/MPU2010/,076_mpu_2010.pdf,,/workspace/scratch/f9ed8430ccaa/second_source_pdfs/076_mpu_2010.pdf
Segunda leva,77,Bancos e fiscal,SEFAZ-ES/Consultor 2010,Estadual / regional,2010,Edital n°1 - Abertura,https://cdn.cebraspe.org.br/concursos/SEFAZ_CONSULTOR2010/arquivos/ED_1_2010_SEFAZ_ES_CONSULTOR_ABERTURA.PDF,https://cdn.cebraspe.org.br/concursos/SEFAZ_CONSULTOR2010/,077_sefaz_es_consultor_2010.pdf,,/workspace/scratch/f9ed8430ccaa/second_source_pdfs/077_sefaz_es_consultor_2010.pdf
Segunda leva,78,Bancos e fiscal,TCE/BA 2010,Estadual / regional,2010,Edital n° 1 - Abertura,https://cdn.cebraspe.org.br/concursos/TCEBA2010/arquivos/EDITAL___VERSO_PUBLICAO_DOE_FONTE_ARIAL_TAMANHO9_22.06.2010.PDF,https://cdn.cebraspe.org.br/concursos/TCEBA2010/,078_tce_ba_2010.pdf,,/workspace/scratch/f9ed8430ccaa/second_source_pdfs/078_tce_ba_2010.pdf
Segunda leva,79,Justiça e jurídico,TJ/PB LEIGO 2010,Estadual / regional,2010,Edital n°1 - Abertura,https://cdn.cebraspe.org.br/concursos/TJPB_LEIGO2010/arquivos/TJPB_JUIZ_LEIGO_ED_N._1_ABT___01.11.2010.PDF,https://cdn.cebraspe.org.br/concursos/TJPB_LEIGO2010/,079_tj_pb_leigo_2010.pdf,,/workspace/scratch/f9ed8430ccaa/second_source_pdfs/079_tj_pb_leigo_2010.pdf
Segunda leva,80,Justiça e jurídico,TRT 1.ª REGIÃO - JUIZ 2010,Estadual / regional,2010,Edital de Abertura,https://cdn.cebraspe.org.br/concursos/trt1juiz2010/arquivos/ED_1_2010_TRTRJ_JUIZ_ABT_FINAL_19_5.PDF,https://cdn.cebraspe.org.br/concursos/trt1juiz2010/,080_trt_1_a_regiao_juiz_2010.pdf,,/workspace/scratch/f9ed8430ccaa/second_source_pdfs/080_trt_1_a_regiao_juiz_2010.pdf
Segunda leva,81,Justiça e jurídico,TRT 21ª REGIÃO/RN 2010,Estadual / regional,2010,Edital n°1 - Abertura,https://cdn.cebraspe.org.br/concursos/trt21rn2010/arquivos/EDITAL_N_1_TRT_RN_21_ABERTURA___24.09.2010.PDF,https://cdn.cebraspe.org.br/concursos/trt21rn2010/,081_trt_21a_regiao_rn_2010.pdf,,/workspace/scratch/f9ed8430ccaa/second_source_pdfs/081_trt_21a_regiao_rn_2010.pdf
Segunda leva,82,Bancos e fiscal,Banco do Brasil — Seleção Externa 2021/001,Brasil,2021,Edital nº 1 - Seleção Externa 2021/001 — abertura,https://dhg1h5j42swfq.cloudfront.net/2021/06/24105731/bb0121_edital.pdf,https://www.bb.com.br/site/concurso-bb/convocacao-e-posse-de-novos-funcionarios/,082_banco_do_brasil_selecao_externa_2021_001.pdf,,/workspace/scratch/f9ed8430ccaa/second_source_pdfs/082_banco_do_brasil_selecao_externa_2021_001.pdf
Segunda leva,83,Bancos e fiscal,Caixa Econômica Federal — Concurso 2014 — Técnico Bancário Novo,Brasil,2014,Edital nº 1/2014 — Edital de abertura — Nível Médio,https://cdn.cebraspe.org.br/concursos/CAIXA_14_NM/arquivos/ED_1_CAIXA_2014_NM___EDITAL_DE_ABERTURA__SEM_ANEXO_2_.PDF,https://www.caixa.gov.br/sobre-a-caixa/trabalhe-na-caixa/paginas/default.aspx,083_caixa_economica_federal_concurso_2014_tecnico_bancario_novo.pdf,,/workspace/scratch/f9ed8430ccaa/second_source_pdfs/083_caixa_economica_federal_concurso_2014_tecnico_bancario_novo.pdf
Segunda leva,84,Bancos e fiscal,Banco do Nordeste — Analista Bancário 1,Brasil,2024,"Edital nº 1 - BNB, de 26 de janeiro de 2024 — Abertura",https://bnb.gov.br/documents/45807/5758094/Edital%2Bn%C2%BA%2B1%2B-%2BAbertura%2Bde%2Bconcurso%2Bp%C3%BAblico%2B2024.pdf/e7c60060-0998-fce8-b122-d916e0b7085b?t=1706265706480&version=1.0,https://www.banconordeste.gov.br/acesso-a-informacao/empregados/concurso-publico-de-2024,084_banco_do_nordeste_analista_bancario_1.pdf,,/workspace/scratch/f9ed8430ccaa/second_source_pdfs/084_banco_do_nordeste_analista_bancario_1.pdf
Segunda leva,85,Federal e administração,Petrobras — PSP 2023 — nível técnico,Brasil,2023,Edital de abertura — PSP Petrobras 2023,https://webserver-petrobrasecossistemaint-prod1.lfr.cloud/documents/d/f3a44542-113e-11ee-be56-0242ac120002/edital_petrobras,https://petrobras.com.br/quem-somos/concursos,085_petrobras_psp_2023_nivel_tecnico.pdf,,/workspace/scratch/f9ed8430ccaa/second_source_pdfs/085_petrobras_psp_2023_nivel_tecnico.pdf
Segunda leva,86,Polícia e militar,"Polícia Federal — Agente, Escrivão, Papiloscopista e Delegado",Brasil,2021,"Edital nº 1 - DPF, de 15 de janeiro de 2021 — Abertura",https://cdn.cebraspe.org.br/concursos/pf_21/arquivos/ED_1_DPF_2021_ABT.PDF,https://www.cebraspe.org.br/concursos/pf_21,086_policia_federal_agente_escrivao_papiloscopista_e_delegado.pdf,,/workspace/scratch/f9ed8430ccaa/second_source_pdfs/086_policia_federal_agente_escrivao_papiloscopista_e_delegado.pdf
Segunda leva,87,Justiça e jurídico,Conselho Nacional de Justiça — Analista e Técnico,Brasil,2024,"Edital nº 1 - CNJ, de 28 de março de 2024 — Abertura",https://cdn.cebraspe.org.br/concursos/cnj_24/arquivos/ED_1_CNJ_2024_ABERTURA.PDF,https://www.cnj.jus.br/concursos/,087_conselho_nacional_de_justica_analista_e_tecnico.pdf,,/workspace/scratch/f9ed8430ccaa/second_source_pdfs/087_conselho_nacional_de_justica_analista_e_tecnico.pdf
Segunda leva,88,Polícia e militar,Polícia Militar do Paraná — Soldado (CFSd 2020),PR,2020,Edital nº 01 — Concurso para Soldado PMPR 2020 — abertura,https://www.pmpr.pr.gov.br/sites/default/arquivos_restritos/files/documento/2024-10/EDITAL%20n%C2%BA%2001%20%E2%80%93%20SOLDADO%20PMPR-2020%20-%20Edital%20Regulador.pdf,https://www.pmpr.pr.gov.br/,088_policia_militar_do_parana_soldado_cfsd_2020.pdf,,/workspace/scratch/f9ed8430ccaa/second_source_pdfs/088_policia_militar_do_parana_soldado_cfsd_2020.pdf
Segunda leva,89,Justiça e jurídico,Superior Tribunal de Justiça — Analista e Técnico,Brasil,2024,"Edital nº 1 - STJ, de 16 de agosto de 2024 — Abertura",https://cdn.cebraspe.org.br/concursos/STJ_24/arquivos/ED_1_2024_STJ_ABERTURA.PDF,https://www.cebraspe.org.br/concursos/STJ_24,089_superior_tribunal_de_justica_analista_e_tecnico.pdf,,/workspace/scratch/f9ed8430ccaa/second_source_pdfs/089_superior_tribunal_de_justica_analista_e_tecnico.pdf
Segunda leva,90,Bancos e fiscal,SEFAZ Santa Catarina — Auditor Estadual de Finanças Públicas,SC,2026,Edital nº 01/2026-DE — Abertura de Inscrições,https://jcconcursos.uol.com.br/media/uploads/anexos/concurso-sefaz-sc-edital-1-2026.pdf,https://www.concursosfcc.com.br/,090_sefaz_santa_catarina_auditor_estadual_de_financas_publicas.pdf,,/workspace/scratch/f9ed8430ccaa/second_source_pdfs/090_sefaz_santa_catarina_auditor_estadual_de_financas_publicas.pdf
Segunda leva,91,Polícia e militar,PMCE — Soldado 2021,CE,2021,"Edital nº 01 — Soldado PMCE, de 27 de julho de 2021 — abertura",https://www.aesp.ce.gov.br/wp-content/uploads/sites/29/2021/08/do20210802p02.pdf-EDITAL-PMCE.pdf,https://www.aesp.ce.gov.br/editais-e-publicacoes-oficiais/,091_pmce_soldado_2021.pdf,,/workspace/scratch/f9ed8430ccaa/second_source_pdfs/091_pmce_soldado_2021.pdf
Segunda leva,92,Polícia e militar,PMMG — Soldado 2018,MG,2018,Edital DRH/CRS nº 06/2018 — abertura para o CFSd 2019,https://dhg1h5j42swfq.cloudfront.net/2018/06/30111914/Edital-PM-MG.pdf,https://jcconcursos.uol.com.br/concurso/concurso-pmmg-72714,092_pmmg_soldado_2018.pdf,,/workspace/scratch/f9ed8430ccaa/second_source_pdfs/092_pmmg_soldado_2018.pdf
Segunda leva,93,Polícia e militar,EsPCEx — Admissão 2026,Brasil,2026,Edital nº 01/2026 — Concurso de Admissão,https://www.acheconcursos.com.br/imagens/anexo/62392/edital-especex-2026-oficial.pdf,https://www.vunesp.com.br/EPCE2601,093_espcex_admissao_2026.pdf,,/workspace/scratch/f9ed8430ccaa/second_source_pdfs/093_espcex_admissao_2026.pdf
Segunda leva,94,Justiça e jurídico,Tribunal de Justiça do Rio de Janeiro — Analista Judiciário 2025,RJ,2025,Edital nº 01/2025 — Abertura,https://conhecimento.fgv.br/sites/default/files/concursos/edital-de-abertura-tjrj-analista-judiciario-final-23.10.pdf,https://conhecimento.fgv.br/concursos/tjrj25,094_tribunal_de_justica_do_rio_de_janeiro_analista_judiciario_2025.pdf,,/workspace/scratch/f9ed8430ccaa/second_source_pdfs/094_tribunal_de_justica_do_rio_de_janeiro_analista_judiciario_2025.pdf
Segunda leva,95,Justiça e jurídico,Tribunal de Justiça de Minas Gerais — Servidores 2022,MG,2022,Edital nº 1/2022 — abertura do concurso para servidores,https://jcconcursos.com.br/media/uploads/anexos/concurso-tj-mg-edital-1-2022.pdf,https://www.tjmg.jus.br/portal-tjmg/concursos/,095_tribunal_de_justica_de_minas_gerais_servidores_2022.pdf,,/workspace/scratch/f9ed8430ccaa/second_source_pdfs/095_tribunal_de_justica_de_minas_gerais_servidores_2022.pdf
Segunda leva,96,Polícia e militar,Polícia Civil de Minas Gerais — Investigador 2021,MG,2021,Edital nº 04/2021 — Investigador de Polícia — abertura,https://dhg1h5j42swfq.cloudfront.net/2021/10/09072447/edital-pc-mg-2021.pdf,https://www.policiacivil.mg.gov.br/site-pc/concursos,096_policia_civil_de_minas_gerais_investigador_2021.pdf,,/workspace/scratch/f9ed8430ccaa/second_source_pdfs/096_policia_civil_de_minas_gerais_investigador_2021.pdf
Segunda leva,97,Justiça e jurídico,TRT da 8ª Região — Servidores 2026,PA/AP,2026,Edital nº 1/2026 — Abertura de inscrições,https://jcconcursos.uol.com.br/media/uploads/anexos/concurso-trt-8-edital-1-2026.pdf,https://www.concursosfcc.com.br/,097_trt_da_8a_regiao_servidores_2026.pdf,,/workspace/scratch/f9ed8430ccaa/second_source_pdfs/097_trt_da_8a_regiao_servidores_2026.pdf
Segunda leva,98,Polícia e militar,PMBA/CBMBA — Soldado 2022,BA,2022,"Edital de Abertura de Inscrições SAEB/05/2022, de 27 de setembro de 2022",https://www.simuladosbr.net/wp-content/uploads/2022/09/edital-pmba-2022-simuladosbr.pdf,https://www.ba.gov.br/bombeiros/concursos/curso-de-formacao-de-soldado-cfsd-2022,098_pmba_cbmba_soldado_2022.pdf,,/workspace/scratch/f9ed8430ccaa/second_source_pdfs/098_pmba_cbmba_soldado_2022.pdf
Segunda leva,99,Educação e saúde,EBSERH Nacional — Área Assistencial 2023,Brasil,2023,"Edital nº 03 — EBSERH/Nacional — Área Assistencial, de 02 de outubro de 2023 — abertura",https://jcconcursos.com.br/media/uploads/anexos/concurso-ebserh-edital-3-2023-area-assistencial.pdf,https://www.gov.br/hubrasil/pt-br/acesso-a-informacao/agentes-publicos/concursos-e-selecoes/concursos/2023/concurso-no-01-2023-ebserh-nacional/editais-normativos,099_ebserh_nacional_area_assistencial_2023.pdf,,/workspace/scratch/f9ed8430ccaa/second_source_pdfs/099_ebserh_nacional_area_assistencial_2023.pdf
Segunda leva,100,Bancos e fiscal,TCE/RN — Servidores (nível superior) 2015,RN,2015,"Edital nº 1 — TCE/RN — Servidor, de 21 de setembro de 2015 — abertura",https://cdn.cebraspe.org.br/concursos/TCE_RN_15_SERVIDOR/arquivos/TCE_RN_SERVIDOR_2015.PDF,https://cdn.cebraspe.org.br/concursos/TCE_RN_15_SERVIDOR/,100_tce_rn_2015_servidor.pdf,,/workspace/scratch/f9ed8430ccaa/second_source_pdfs/100_tce_rn_2015_servidor.pdf
